"Element CSS selector","Total # of clicks","Visible in image","% of total"
"div#shopify-section-sections--23722252796195__search>div.predicitve-search-wrapper.flex.flex-col","1890","No","31.58%"
"div#theme__navigation-header-injected>div.header-container>div.w-full.flex.items-center.relative.lg\:py-\[16px\]>div.flex.items-center.space-x-\[24px\].justify-end.header-toolbar>div.flex.items-center.px-\[24px\].space-x-\[24px\].justify-end>div>div.antialiased.\[\&\>svg\]\:h-\[28px\].md\:block>i.icon-search.text-\[22px\]","662","Yes","11.06%"
"#predictive-search-input","479","No","8.00%"
"div#predictive-search-form-wrapper>form.flex.w-full>div.flex.gap-3.w-full.relative.lg\:rounded>div.px-0.h-auto.min-h-\[auto\].w-auto.hidden>span.icon-search.text-\[20px\]","447","No","7.47%"
"html","308","No","5.15%"
"div#shopify-section-sections--23722252796195__search>div.predicitve-search-wrapper.flex.flex-col>predictive-search.w-full.flex-none.relative.bg-white.lg\:bg-\[\#F5F5F5\]","173","No","2.89%"
"div#theme__navigation-header-injected>div.header-container>div.w-full.flex.items-center.relative.lg\:py-\[16px\]>div.flex.items-center.space-x-\[24px\].justify-end.header-toolbar>div.flex.items-center.px-\[24px\].space-x-\[24px\].justify-end","93","Yes","1.55%"
"div#theme__navigation-megamenu-injected>div>nav.megamenu-nav.container>div.relative>div.megamenu-nav-area>div.megamenu-nav-list>div.megamenu__secondary--links>div.megamenu__link-container>a>span.b2 (3)","87","No","1.45%"
"div#theme__navigation-megamenu-injected>div>nav.megamenu-nav.container>div.relative>div.megamenu-nav-area>div.megamenu-nav-list>div.megamenu__secondary--links>div.megamenu__link-container>a>span.b2 (1)","75","No","1.25%"
"div#theme__navigation-header-injected>div.header-container>div.w-full.flex.items-center.relative.lg\:py-\[16px\]>div.hidden.lg\:block.flex-grow.lg\:basis-1\/3>div.header-links>div.block>ul.header-menu.inline-flex>li.b2>a.inactive.hovered.menu-link","65","No","1.09%"
"div#theme__navigation-megamenu-injected>div>nav.megamenu-nav.container>div.relative>div.megamenu-nav-area>div.megamenu-nav-list>div.megamenu__secondary--links>div.megamenu__link-container>a>span.b2","59","No","0.99%"
"div#theme__navigation-header-injected>div.header-container>div.w-full.flex.items-center.relative.lg\:py-\[16px\]>div.flex.items-center.space-x-\[24px\].justify-end.header-toolbar>div.flex.items-center.px-\[24px\].space-x-\[24px\].justify-end>div>div.account-icon.antialiased.\[\&\>svg\]\:h-\[28px\]>i.icon-account.text-\[22px\]","52","Yes","0.87%"
"div#theme__navigation-megamenu-injected>div>nav.megamenu-nav.container>div.relative>div.megamenu-nav-area>div.megamenu-nav-list>div.megamenu__secondary--links>div.megamenu__link-container>a>span.b2 (5)","51","No","0.85%"
"div#theme__navigation-megamenu-injected>div>nav.megamenu-nav.container>div.relative>div.megamenu-nav-area>div.megamenu-nav-list>div.megamenu__secondary--links>div.megamenu__link-container>a>span.b2 (4)","50","No","0.84%"
"div#theme__mjbale-navigation-footer-injected>footer>div.footer-layout-links-only>div.footer-links.lg\:max-w-\[800px\]>div.footer-links-list.lg\:max-w-\[194px\]>div.collapsible.collapsible--desktop-disabled>div.collapsible__content>nav>ul>li.b3.font-normal>a (3)","43","Yes","0.72%"
"div#theme__multicolumn-injected>div.multicolumn>div.grid.grid-cols-4.false.w-full.lg\:h-\[0px\]>div.box-border.overflow-hidden>div.custom-class.aspect-square>div.tileitem.color-default.px-\[0px\].lg\:px-\[0px\].pt-\[0px\]>div.image-container.overflow-hidden.false.relative>img.object-cover.h-full.w-full","41","Yes","0.69%"
"div#theme__multicolumn-injected>div.multicolumn>div.grid.grid-cols-4.false.w-full.lg\:h-\[0px\]>div.box-border.overflow-hidden>div.custom-class.aspect-square>div.tileitem.color-default.px-\[0px\].lg\:px-\[0px\].pt-\[0px\]>div.image-container.overflow-hidden.false.relative>img.object-cover.h-full.w-full (1)","40","Yes","0.67%"
"div#theme__navigation-megamenu-injected>div>nav.megamenu-nav.container>div.relative>div.megamenu-nav-area>div.megamenu-nav-list>div.megamenu__primary--links>div.megamenu__link-container>a>span.b2 (2)","38","No","0.64%"
"div#theme__navigation-megamenu-injected>div>nav.megamenu-nav.container>div.relative>div.megamenu-nav-area>div.megamenu-nav-list>div.megamenu__secondary--links>div.megamenu__link-container>a>span.b2 (7)","31","No","0.52%"
"div#theme__navigation-header-injected>div.header-container>div.w-full.flex.items-center.relative.lg\:py-\[16px\]>div.flex.relative.justify-center.flex-grow-0.basis-1\/3>div.header-logo-container>a.header-logo-image.pb-\[6px\].w-\[106px\].lg\:pb-0>img","31","Yes","0.52%"
"div#theme__navigation-megamenu-injected>div>nav.megamenu-nav.container>div.relative>div.megamenu-nav-area>div.megamenu-nav-list>div.megamenu__secondary--links>div.megamenu__link-container>a>span.b2 (8)","30","No","0.50%"
"div#theme__multicolumn-injected>div.multicolumn>div.grid.grid-cols-4.false.w-full.lg\:h-\[0px\]>div.box-border.overflow-hidden>div.custom-class.aspect-square>div.tileitem.color-default.px-\[0px\].lg\:px-\[0px\].pt-\[0px\]>div.image-container.overflow-hidden.false.relative>img.object-cover.h-full.w-full (3)","29","Yes","0.48%"
"div#theme__multicolumn-injected>div.multicolumn>div.false.flex.w-full.lg\:h-\[600px\].flex-wrap>div.box-border.overflow-hidden>div.custom-class.aspect-auto>div.tileitem.color-scheme-38d83da1-5f89-4c2f-ad25-61bacb6eae3c.px-\[0px\].lg\:px-\[0px\].pt-\[0px\]>div.tile__info.flex.absolute.w-full.z-\[5\]>div.flex.justify-center.lg\:justify-center>a.w-full.lg\:w-auto>button.button.btn-outline.button.btn-outline-light.btn-link (3)","29","Yes","0.48%"
"div#theme__multicolumn-injected>div.multicolumn>div.grid.grid-cols-4.false.w-full.lg\:h-\[0px\]>div.box-border.overflow-hidden>div.custom-class.aspect-square>div.tileitem.color-default.px-\[0px\].lg\:px-\[0px\].pt-\[0px\]>div.image-container.overflow-hidden.false.relative>img.object-cover.h-full.w-full (2)","29","Yes","0.48%"
"div#theme__navigation-megamenu-injected>div>nav.megamenu-nav.container>div.relative>div.megamenu-nav-area>div.menu__featured--blocks>div.gap-\[20px\].grid.grid-cols-2>div>div.megamenu__cta-container.relative.h-full>a.megamenu__cta-item>div.w-full.h-full>img.w-full.h-full.object-cover","29","No","0.48%"
"div#theme__navigation-header-injected>div.header-container>div.w-full.flex.items-center.relative.lg\:py-\[16px\]>div.flex.items-center.space-x-\[24px\].justify-end.header-toolbar>div.flex.items-center.px-\[24px\].space-x-\[24px\].justify-end>div>div.relative.\[\&\>svg\]\:h-\[28px\].md\:block>i.icon-bag.text-\[24px\]","27","Yes","0.45%"
"div#theme__navigation-megamenu-injected>div>nav.megamenu-nav.container>div.relative>div.megamenu-nav-area>div.megamenu-nav-list>div.megamenu__primary--links>div.megamenu__link-container>a>span.b2","26","No","0.43%"
"div#theme__navigation-megamenu-injected>div>nav.megamenu-nav.container>div.relative>div.megamenu-nav-area>div.megamenu-nav-list>div.megamenu__secondary--links>div.megamenu__link-container>a>span.b2 (2)","26","No","0.43%"
"div#theme__mjbale-navigation-footer-injected>footer>div.footer-layout-links-only>div.footer-links.lg\:max-w-\[800px\]>div.footer-links-list.lg\:max-w-\[194px\]>div.collapsible.collapsible--desktop-disabled>div.collapsible__content>nav>ul>li.b3.font-normal>a (6)","25","Yes","0.42%"
"div#theme__multicolumn-injected>div.multicolumn>div.false.flex.w-full.lg\:h-\[600px\].flex-wrap>div.box-border.overflow-hidden>div.custom-class.aspect-auto>div.tileitem.color-scheme-38d83da1-5f89-4c2f-ad25-61bacb6eae3c.px-\[0px\].lg\:px-\[0px\].pt-\[0px\]>div.tile__info.flex.absolute.w-full.z-\[5\]>div.flex.justify-center.lg\:justify-center>a.w-full.lg\:w-auto>button.button.btn-outline.button.btn-outline-light.btn-link (1)","24","Yes","0.40%"
"div#theme__navigation-megamenu-injected>div>nav.megamenu-nav.container>div.relative>div.megamenu-nav-area>div.megamenu-nav-list>div.megamenu__primary--links>div.megamenu__link-container>a>span.b2 (3)","24","No","0.40%"
"div#theme__header-account-popup-injected>div.account-popup.relative.container>div.account-popup-details.absolute.right-0.w-full.lg\:w-auto>div.flex.flex-col.w-full.lg\:w-\[371px\].h-\[288px\]>div.flex.w-full>a.button.btn-outline.w-full","24","No","0.40%"
"div#predictive-search-form-wrapper>form.flex.w-full","20","No","0.33%"
"div#theme__multicolumn-injected>div.multicolumn>div.false.flex.w-full.lg\:h-\[600px\].flex-wrap>div.box-border.overflow-hidden>div.custom-class.aspect-auto>div.tileitem.color-scheme-38d83da1-5f89-4c2f-ad25-61bacb6eae3c.px-\[0px\].lg\:px-\[0px\].pt-\[0px\]>div.tile__info.flex.absolute.w-full.z-\[5\]>div.flex.justify-center.lg\:justify-center>a.w-full.lg\:w-auto>button.button.btn-outline.button.btn-outline-light.btn-link","19","Yes","0.32%"
"nav#mobile-nav>span>span>i.icon-hamburger.text-\[22px\]","19","No","0.32%"
"div#theme__navigation-header-injected>div.header-container>div.w-full.flex.items-center.relative.lg\:py-\[16px\]>div.hidden.lg\:block.flex-grow.lg\:basis-1\/3>div.header-links>div.block>ul.header-menu.inline-flex>li.b2>a.inactive.menu-link","18","Yes","0.30%"
"div#theme__navigation-megamenu-injected>div>nav.megamenu-nav.container>div.relative>div.megamenu-nav-area>div.megamenu-nav-list>div.megamenu__secondary--links>div.megamenu__link-container>a>span.b2 (11)","18","No","0.30%"
"div#theme__banner-injected>div.banner.lg\:h-full.lg\:h-screen.h-\[800px\].w-full>div.banner-carousel.w-full.h-full.flickity-enabled.is-draggable>button.flickity-button.flickity-prev-next-button.next","17","Yes","0.28%"
"div#theme__navigation-megamenu-injected>div>nav.megamenu-nav.container>div.relative>div.megamenu-nav-area>div.megamenu-nav-list>div.megamenu__primary--links>div.megamenu__link-container>a>span.b2 (4)","16","No","0.27%"
"div#theme__navigation-megamenu-injected>div>nav.megamenu-nav.container>div.relative>div.megamenu-nav-area>div.megamenu-nav-list>div.megamenu__secondary--links>div.megamenu__link-container>a>span.b2 (9)","16","No","0.27%"
"div#theme__ecommerce-minicart-injected>div.minicart-wrapper.drawer.relative.pointer-events-auto>div.minicart.w-full.md\:max-w-\[450px\]>div.flex-none>div.title-row.px-\[24px\].py-\[13px\]>div.flex.gap-\[24px\]>a.cursor-pointer>svg","16","No","0.27%"
"section#shopify-section-template--23722258333987__section_text_TE4hN8>div>div.section-text-template--23722258333987__section_text_TE4hN8.flex.color-default.text-center.lg\:text-center>div.flex.flex-col.gap-y-\[0px\].w-full.lg\:max-w-\[\]>div.button-container.flex.space-y-\[16px\].py-\[16px\].lg\:text-center>a.button.btn-outline","16","Yes","0.27%"
"div#theme__multicolumn-injected>div.multicolumn>div.false.flex.w-full.lg\:h-\[600px\].flex-wrap>div.box-border.overflow-hidden>div.custom-class.aspect-auto>div.tileitem.color-scheme-38d83da1-5f89-4c2f-ad25-61bacb6eae3c.px-\[0px\].lg\:px-\[0px\].pt-\[0px\]>div.tile__info.flex.absolute.w-full.z-\[5\]>div.flex.justify-center.lg\:justify-center>a.w-full.lg\:w-auto>button.button.btn-outline.button.btn-outline-light.btn-link (2)","15","Yes","0.25%"
"div#theme__navigation-header-injected>div.header-container>div.w-full.flex.items-center.relative.lg\:py-\[16px\]","15","Yes","0.25%"
"div#theme__navigation-megamenu-injected>div>nav.megamenu-nav.container>div.relative>div.megamenu-nav-area>div.megamenu-nav-list>div.megamenu__primary--links>div.megamenu__link-container>a>span.b2 (1)","15","No","0.25%"
"div#theme__navigation-megamenu-injected>div>nav.megamenu-nav.container>div.relative>div.megamenu-nav-area>div.megamenu-nav-list>div.megamenu__primary--links>div.megamenu__link-container>a>span.b2 (5)","14","No","0.23%"
"div#theme__list-products-injected>div.product-list.default-list>div.w-full>div.row-start-1.col-start-1>div.carousel-item-container.w-full>div.carousel.w-full.flickity-enabled.is-draggable>button.flickity-button.flickity-prev-next-button.previous","13","Yes","0.22%"
"div#theme__navigation-megamenu-injected>div>nav.megamenu-nav.container>div.relative>div.megamenu-nav-area>div.megamenu-nav-list>div.megamenu__secondary--links>div.megamenu__link-container>a>span.b2 (13)","13","No","0.22%"
"div#theme__navigation-megamenu-injected>div>nav.megamenu-nav.container>div.relative>div.megamenu-nav-area>div.megamenu-nav-list>div.megamenu__secondary--links>div.megamenu__link-container>a>span.b2 (6)","12","No","0.20%"
"div#theme__navigation-megamenu-injected>div>nav.megamenu-nav.container>div.relative>div.megamenu-nav-area>div.megamenu-nav-list>div.megamenu__secondary--links>div.megamenu__link-container>a>span.b2 (15)","12","No","0.20%"
"div#theme__mjbale-search-header-results-injected>div.header-search-results.h-full.bg-\[\#F5F5F5\]>div.lg\:px-4.lg\:max-w-\[1472px\].w-full.flex.flex-col>div.flex.flex-col.lg\:flex-row.flex-auto.justify-center>div.w-full.lg\:w-3\/4.flex.flex-col.overflow-hidden>div.flex-none.text-center.mt-4>a.button.btn-outline.hover\:no-underline","10","No","0.17%"
"div#theme__navigation-megamenu-injected>div>nav.megamenu-nav.container>div.relative>div.megamenu-nav-area>div.megamenu-nav-list>div.megamenu__primary--links>div.megamenu__link-container>a>span.b2 (6)","9","No","0.15%"
"div#theme__navigation-megamenu-injected>div>nav.megamenu-nav.container>div.relative>div.megamenu-nav-area>div.megamenu-nav-list>div.megamenu__secondary--links","9","No","0.15%"
"div#theme__mjbale-navigation-footer-injected>footer>div.footer-layout-links-only>div.footer-links.lg\:max-w-\[800px\]>div.footer-links-list.lg\:max-w-\[194px\]>div.collapsible.collapsible--desktop-disabled>div.collapsible__content>nav>ul>li.b3.font-normal>a","9","Yes","0.15%"
"div#theme__multicolumn-injected>div.multicolumn>div.grid.grid-cols-3.false.w-full.lg\:h-\[0px\]>div.box-border.overflow-hidden>div.tileitem.color-scheme-38d83da1-5f89-4c2f-ad25-61bacb6eae3c.px-\[12px\].lg\:px-\[12px\].pt-\[12px\]>div.tile__info.flex.absolute.w-full.z-\[5\]>div.flex.justify-center.lg\:justify-center>a.w-full.lg\:w-auto>button.button.btn-outline.button.btn-outline-light.btn-link (2)","9","Yes","0.15%"
"div#theme__navigation-megamenu-injected>div>nav.megamenu-nav.container>div.relative>div.megamenu-nav-area>div.menu__featured--blocks>div.gap-\[20px\].grid.grid-cols-2>div>div.megamenu__cta-container.relative.h-full>a.megamenu__cta-item>div.w-full.h-full>img.w-full.h-full.object-cover (1)","9","No","0.15%"
"div#theme__multicolumn-injected>div.multicolumn>div.grid.grid-cols-3.false.w-full.lg\:h-\[0px\]>div.box-border.overflow-hidden>div.tileitem.color-scheme-38d83da1-5f89-4c2f-ad25-61bacb6eae3c.px-\[12px\].lg\:px-\[12px\].pt-\[12px\]>div.tile__info.flex.absolute.w-full.z-\[5\]>div.flex.justify-center.lg\:justify-center>a.w-full.lg\:w-auto>button.button.btn-outline.button.btn-outline-light.btn-link (1)","8","Yes","0.13%"
"ul#mobile-menu-list>li.mobile-menu-item.menu-item>span.icon-arrow-right","8","No","0.13%"
"div#theme__navigation-megamenu-injected>div>nav.megamenu-nav.container>div.relative>div.megamenu-nav-area>div.menu__featured--blocks>div.gap-\[20px\].grid.grid-cols-2>div>div.megamenu__cta-container.relative.h-full>a.megamenu__cta-item>div.absolute.bottom-0.left-0.p-4.text-white>div.megamenu__cta-item (1)","8","No","0.13%"
"section#shopify-section-template--23722258333987__section_multicolumn_pH8ckR>div.category-carousel.color-default>div.section-multicolumn.section-multicolumn-template--23722258333987__section_multicolumn_pH8ckR.relative.flex.lg\:justify-center","8","Yes","0.13%"
"div#theme__block-button-injected>div.block-button.flex.items-center.justify-center.lg\:justify-center>a.w-full.lg\:w-auto>button.btn-outline-light.undefined.button.primary.btn-link","8","Yes","0.13%"
"div#theme__navigation-megamenu-injected>div>nav.megamenu-nav.container>div.relative>div.megamenu-nav-area>div.megamenu-nav-list>div.megamenu__secondary--links>div.megamenu__link-container>a>span.b2 (10)","7","No","0.12%"
"div#theme__list-products-injected>div.product-list.default-list>div.w-full>div.row-start-1.col-start-1>div.carousel-item-container.w-full>div.carousel.w-full.flickity-enabled.is-draggable>div.flickity-viewport>div.flickity-slider>div.carousel-item>div.theme__product-card>div.productcard__content>a.w-full.relative>img.product-image.absolute.top-0.left-0.opacity-100","7","No","0.12%"
"div#theme__banner-injected>div.banner.lg\:h-full.lg\:h-screen.h-\[800px\].w-full>div.banner-carousel.w-full.h-full.flickity-enabled.is-draggable>div.flickity-viewport>div.flickity-slider>div.is-selected>a>div.banner_overlay.text-center.pt-\[0px\].lg\:pt-\[0px\].pb-\[20px\]","7","Yes","0.12%"
"div#theme__mjbale-search-header-results-injected>div.header-search-results.h-full.bg-\[\#F5F5F5\]>div.lg\:px-4.lg\:max-w-\[1472px\].w-full.flex.flex-col>div.flex.flex-col.lg\:flex-row.flex-auto.justify-center>div.w-full.lg\:w-3\/4.flex.flex-col.overflow-hidden>div.grid.grid-cols-2.lg\:grid-cols-4.gap-x-2.lg\:gap-x-5>div.theme__product-card>div.productcard__content>a.w-full.relative>img.product-image.absolute.top-0.left-0.opacity-100","7","No","0.12%"
"section#shopify-section-sections--23722251354403__mjbale_section_cta_b3hpcf>div.section-cta-sections--23722251354403__mjbale_section_cta_b3hpcf.flex.color-light.lg\:justify-center.pt-\[24px\]","7","Yes","0.12%"
"div#theme__mjbale-navigation-footer-injected>footer>div.footer-layout-links-only>div.footer-links.lg\:max-w-\[800px\]>div.footer-links-list.lg\:max-w-\[194px\]>div.collapsible.collapsible--desktop-disabled>div.collapsible__content>nav>ul>li.b3.font-normal>a (5)","7","Yes","0.12%"
"div#theme__multicolumn-injected>div.multicolumn>div.false.flex.w-full.lg\:h-\[600px\].flex-wrap>div.box-border.overflow-hidden>div.custom-class.aspect-auto>div.tileitem.color-scheme-38d83da1-5f89-4c2f-ad25-61bacb6eae3c.px-\[0px\].lg\:px-\[0px\].pt-\[0px\]>div.image-container.overflow-hidden.content-over-media.relative>img.object-cover.h-full.w-full (1)","7","Yes","0.12%"
"div#theme__navigation-megamenu-injected>div>nav.megamenu-nav>div.relative>div.megamenu-nav-area>div.megamenu-nav-list.flex-col.mobile-menu-drawer.h-screen.relative>div.megamenu__primary--links.slide-in-from-right>div.megamenu__link-container>i.icon-arrow-right.lg\:hidden (1)","7","No","0.12%"
"#FreeShippingBanner","7","No","0.12%"
"div#theme__mjbale-navigation-footer-injected>footer>div.footer-layout-links-only>div.footer-links.lg\:max-w-\[800px\]>div.footer-links-list.lg\:max-w-\[194px\]>div.collapsible.collapsible--desktop-disabled>div.collapsible__content>nav>ul>li.b3.font-normal>a (8)","7","Yes","0.12%"
"svg#Layer_2>path.cls-1 (2)","6","No","0.10%"
"div#theme__mjbale-social-links-injected>div.social-links.mb-\[undefinedpx\].lg\:mb-\[undefinedpx\]>a>img (1)","6","Yes","0.10%"
"div#theme__navigation-megamenu-injected>div>nav.megamenu-nav>div.relative>div.megamenu-nav-area>div.megamenu-nav-list.flex-col.mobile-menu-drawer.h-screen.relative>div.megamenu__primary--links.slide-in-from-right>div.megamenu__link-container>a>span.b2 (1)","6","No","0.10%"
"div#theme__banner-injected>div.banner.lg\:h-full.lg\:h-screen.h-\[800px\].w-full>div.banner-carousel.w-full.h-full.flickity-enabled.is-draggable>div.flickity-viewport>div.flickity-slider>div.is-selected>div.banner_overlay.text-center.pt-\[0px\].lg\:pt-\[0px\].pb-\[0px\]>div.banner_overlay_content.w-\[311px\].lg\:w-\[844px\].gap-y-\[24px\].color-scheme-38d83da1-5f89-4c2f-ad25-61bacb6eae3c>div.banner_overlay_cta>a>button.btn-outline-light.button.button-link","6","Yes","0.10%"
"div#theme__navigation-megamenu-injected>div>nav.megamenu-nav.container>div.relative>div.megamenu-nav-area>div.menu__featured--blocks>div.gap-\[20px\].grid.grid-cols-2>div>div.megamenu__cta-container.relative.h-full>a.megamenu__cta-item>div.absolute.bottom-0.left-0.p-4.text-white>div.h4.mb-5","6","No","0.10%"
"div#theme__navigation-megamenu-injected>div>nav.megamenu-nav.container>div.relative>div.megamenu-nav-area>div.menu__featured--blocks>div.gap-\[20px\].grid.grid-cols-2>div>div.megamenu__cta-container.relative.h-full>a.megamenu__cta-item>div.absolute.bottom-0.left-0.p-4.text-white>div.megamenu__cta-item","6","No","0.10%"
"div#theme__header-account-popup-injected>div.account-popup.relative.container>div.account-popup-details.absolute.right-0.w-full.lg\:w-auto>div.flex.flex-col.w-full.lg\:w-\[371px\].h-\[288px\]>div.flex.w-full>a.button.btn-primary.w-full","6","No","0.10%"
"#site-promo-bar","6","No","0.10%"
"div#theme__mjbale-social-links-injected>div.social-links.mb-\[undefinedpx\].lg\:mb-\[undefinedpx\]>a>img","6","Yes","0.10%"
"div#theme__list-products-injected>div.product-list.default-list>div.w-full>div.row-start-1.col-start-1>div.carousel-item-container.w-full>div.carousel.w-full.flickity-enabled.is-draggable>button.flickity-button.flickity-prev-next-button.next","6","Yes","0.10%"
"div#theme__multicolumn-injected>div.multicolumn>div.grid.grid-cols-3.false.w-full.lg\:h-\[0px\]>div.box-border.overflow-hidden>div.tileitem.color-scheme-38d83da1-5f89-4c2f-ad25-61bacb6eae3c.px-\[12px\].lg\:px-\[12px\].pt-\[12px\]>div.tile__info.flex.absolute.w-full.z-\[5\]>div.flex.justify-center.lg\:justify-center>a.w-full.lg\:w-auto>button.button.btn-outline.button.btn-outline-light.btn-link","6","Yes","0.10%"
"div#theme__navigation-megamenu-injected>div>nav.megamenu-nav.container>div.relative>div.megamenu-nav-area>div.menu__featured--blocks>div.gap-\[20px\].grid.grid-cols-2>div>div.megamenu__cta-container.relative.h-full>a.megamenu__cta-item>div.absolute.bottom-0.left-0.p-4.text-white>div.h4.mb-5 (1)","6","No","0.10%"
"div#theme__navigation-megamenu-injected>div>nav.megamenu-nav.container>div.relative>div.megamenu-nav-area>div.megamenu-nav-list>div.megamenu__secondary--links>div.megamenu__link-container>a>span.b2 (14)","5","No","0.08%"
"div#theme__mjbale-navigation-footer-injected>footer>div.footer-layout-links-only>div.footer-links.lg\:max-w-\[800px\]>div.footer-links-list.lg\:max-w-\[194px\]>div.collapsible.collapsible--desktop-disabled>div.collapsible__content>nav>ul>li.b3.font-normal>a (1)","5","Yes","0.08%"
"div#theme__multicolumn-injected>div.multicolumn>div.multicolumn-content-top.w-full.lg\:w-\[700px\].my-\[16px\]>h3.text__heading (1)","5","Yes","0.08%"
"div#theme__navigation-megamenu-injected>div>nav.megamenu-nav.container>div.relative>div.megamenu-nav-area>div.megamenu-nav-list>div.megamenu__secondary--links>div.megamenu__link-container>a>span.b2 (12)","5","No","0.08%"
"div#theme__banner-injected>div.banner.lg\:h-\[1000px\].h-\[600px\].w-full>div.banner-carousel.w-full.h-full>div>div.banner_overlay.text-center.pt-\[0px\].lg\:pt-\[0px\].pb-\[0px\]>div.banner_overlay_content.w-\[311px\].lg\:w-\[848px\].gap-y-\[24px\].color-scheme-38d83da1-5f89-4c2f-ad25-61bacb6eae3c>div.banner_overlay_cta>a>button.btn-outline-light.button.button-link","5","Yes","0.08%"
"div#theme__multicolumn-injected>div.multicolumn>div.grid.grid-cols-4.false.w-full.lg\:h-\[0px\]>div.box-border.overflow-hidden>div.custom-class.false>div.tileitem.color-scheme-7eb96862-5925-405b-9fcc-e63ba5d69205.false>div.image-container.overflow-hidden.false.relative>img.object-cover.h-full.w-full (2)","5","Yes","0.08%"
"div#theme__banner-injected>div.banner.lg\:h-\[1000px\].h-\[600px\].w-full>div.banner-carousel.w-full.h-full>div>div.banner_overlay.text-center.pt-\[0px\].lg\:pt-\[0px\].pb-\[0px\]","5","Yes","0.08%"
"div#shopify-section-sections--23722252796195__search>div.predicitve-search-wrapper.flex.flex-col>predictive-search.w-full.flex-none.relative.bg-white.lg\:bg-\[\#F5F5F5\]>button.px-0.h-auto.min-h-\[auto\].lg\:self-end.w-auto>span.icon-close-rounded.text-\[20px\]","5","No","0.08%"
"ul#mobile-menu-list>li.mobile-menu-item.menu-item","5","No","0.08%"
"div#theme__ecommerce-minicart-injected>div.minicart-wrapper.drawer.relative.pointer-events-auto>div.minicart.w-full.md\:max-w-\[450px\]>div.flex-1.overflow-y-auto","5","No","0.08%"
"div#theme__banner-injected>div.banner.lg\:h-full.lg\:h-screen.h-\[800px\].w-full>div.banner-carousel.w-full.h-full.flickity-enabled.is-draggable>div.flickity-viewport>div.flickity-slider>div.is-selected>div.banner_overlay.text-center.pt-\[0px\].lg\:pt-\[0px\].pb-\[0px\]","5","Yes","0.08%"
"div#theme__multicolumn-injected>div.multicolumn>div.false.flex.w-full.lg\:h-\[600px\].flex-wrap","5","Yes","0.08%"
"div#theme__multicolumn-injected>div.multicolumn>div.multicolumn-content-top.w-full.lg\:w-\[700px\].my-\[16px\]>h3.text__heading","5","Yes","0.08%"
"div#theme__multicolumn-injected>div.multicolumn>div.grid.grid-cols-4.false.w-full.lg\:h-\[0px\]>div.box-border.overflow-hidden>div.custom-class.aspect-square>div.tileitem.color-default.px-\[0px\].lg\:px-\[0px\].pt-\[0px\]>div.tile__container>div.tile__info.flex.w-full.z-\[5\].block-title>p.flex.justify-center.lg\:justify-center.b3__regular (3)","4","Yes","0.07%"
"footer#shopify-section-sections--23722251354403__footer>div.footer-terms.color-light.pt-\[24px\].lg\:pt-\[0px\].pb-\[24px\]>div.flex.flex-col.lg\:flex-row.justify-between.min-h-\[40px\]>div.footer-terms__bottom>div.footer-terms__bottom-links>a.hover\:no-underline (1)","4","Yes","0.07%"
"div#theme__navigation-megamenu-injected>div>nav.megamenu-nav.container>div.relative>div.megamenu-nav-area>div.megamenu-nav-list>div.megamenu__secondary--links>div.megamenu__link-container>a>span.b2 (16)","4","No","0.07%"
"div#theme__multicolumn-injected>div.multicolumn>div.grid.grid-cols-4.false.w-full.lg\:h-\[0px\]>div.box-border.overflow-hidden>div.custom-class.aspect-square>div.tileitem.color-default.px-\[0px\].lg\:px-\[0px\].pt-\[0px\]>div.tile__container>div.tile__info.flex.w-full.z-\[5\].block-title>p.flex.justify-center.lg\:justify-center.b3__regular (1)","4","Yes","0.07%"
"#Layer_2","4","No","0.07%"
"div#theme__mjbale-navigation-footer-injected>footer>div.footer-layout-links-only>div.footer-links.lg\:max-w-\[800px\]>div.footer-links-list.lg\:max-w-\[194px\]>div.collapsible.collapsible--desktop-disabled>div.collapsible__content>nav>ul>li.b3.font-normal>a (7)","4","Yes","0.07%"
"div#theme__multicolumn-injected>div.multicolumn>div.grid.grid-cols-4.false.w-full.lg\:h-\[0px\]>div.box-border.overflow-hidden>div.custom-class.false>div.tileitem.color-scheme-7eb96862-5925-405b-9fcc-e63ba5d69205.false>div.image-container.overflow-hidden.false.relative>img.object-cover.h-full.w-full","4","Yes","0.07%"
"div#theme__multicolumn-injected>div.multicolumn>div.grid.grid-cols-2.false.w-full.lg\:h-\[0px\]>div.box-border.overflow-hidden>div.custom-class.aspect-square>div.tileitem.color-default.px-\[0px\].lg\:px-\[0px\].pt-\[0px\]>div.image-container.overflow-hidden.false.relative>img.object-cover.h-full.w-full (2)","4","No","0.07%"
"div#theme__navigation-megamenu-injected>div>nav.megamenu-nav.container>div.relative>div.megamenu-nav-area>div.menu__featured--blocks","4","No","0.07%"
"div#theme__multicolumn-injected>div.multicolumn>div.grid.grid-cols-4.false.w-full.lg\:h-\[0px\]>div.box-border.overflow-hidden>div.custom-class.false>div.tileitem.color-scheme-7eb96862-5925-405b-9fcc-e63ba5d69205.false>div.tile__container>div.tile__info.flex.w-full.z-\[5\].block-title>p.flex.justify-start.lg\:justify-start.text-start.lg\:text-start>h3 (3)","4","Yes","0.07%"
"div#theme__multicolumn-injected>div.multicolumn>div.false.flex.w-full.lg\:h-\[600px\].flex-wrap>div.box-border.overflow-hidden>div.custom-class.aspect-auto>div.tileitem.color-scheme-38d83da1-5f89-4c2f-ad25-61bacb6eae3c.px-\[0px\].lg\:px-\[0px\].pt-\[0px\]>div.image-container.overflow-hidden.content-over-media.relative>img.object-cover.h-full.w-full (2)","4","Yes","0.07%"
"div#theme__multicolumn-injected>div.multicolumn>div.grid.grid-cols-4.false.w-full.lg\:h-\[0px\]>div.box-border.overflow-hidden>div.custom-class.false>div.tileitem.color-scheme-7eb96862-5925-405b-9fcc-e63ba5d69205.false>div.image-container.overflow-hidden.false.relative>img.object-cover.h-full.w-full (3)","4","Yes","0.07%"
"*[name=""checkout""]","4","No","0.07%"
"div#theme__multicolumn-injected>div.multicolumn>div.false.flex.w-full.lg\:h-\[0px\].flex-wrap>div.box-border.overflow-hidden>div.tileitem.color-scheme-38d83da1-5f89-4c2f-ad25-61bacb6eae3c.px-\[12px\].lg\:px-\[12px\].pt-\[12px\]>div.tile__info.flex.absolute.w-full.z-\[5\]>div.flex.justify-center.lg\:justify-center>a.w-full.lg\:w-auto>button.button.btn-outline.button.btn-outline-light.btn-link","4","No","0.07%"
"div#theme__navigation-megamenu-injected>div>nav.megamenu-nav.container>div.relative>div.megamenu-nav-area>div.megamenu-nav-list>div.megamenu__secondary--links>div.megamenu__link-container>a (8)","4","No","0.07%"
"div#theme__navigation-megamenu-injected>div>nav.megamenu-nav.container>div.relative>div.megamenu-nav-area>div.megamenu-nav-list>div.megamenu__secondary--links>div.megamenu__link-container>a>span.b2.megamenu__title","4","No","0.07%"
"div#shopify-section-template--23722258333987__section_product_list_AKBEXY>div.section-border.color-default>div.section-quote-template--23722258333987__section_product_list_AKBEXY.relative.flex.lg\:justify-center.pt-\[0px\]","4","Yes","0.07%"
"div#theme__navigation-megamenu-injected>div>nav.megamenu-nav.container>div.relative>div.megamenu-nav-area>div.megamenu-nav-list>div.megamenu__secondary--links>div.megamenu__link-container>a (3)","3","No","0.05%"
"div#theme__navigation-header-injected>div.header-container>div.w-full.flex.items-center.relative.lg\:py-\[16px\]>div.flex.items-center.space-x-\[24px\].justify-end.header-toolbar>div.flex.items-center.px-\[24px\].space-x-\[24px\].justify-end>div>div.antialiased.\[\&\>svg\]\:h-\[28px\].md\:block","3","Yes","0.05%"
"div#theme__mjbale-navigation-footer-injected>footer>div.footer-layout-links-only>div.footer-links.lg\:max-w-\[800px\]>div.footer-links-list.lg\:max-w-\[194px\]>div.collapsible.collapsible--desktop-disabled>div.collapsible__content>nav>ul>li.b3.font-normal (3)","3","Yes","0.05%"
"ul#mobile-menu-list>li.mobile-menu-item.menu-item>a.b3.font-medium","3","No","0.05%"
"div#theme__navigation-megamenu-injected>div>nav.megamenu-nav>div.relative>div.megamenu-nav-area>div.megamenu-nav-list.flex-col.mobile-menu-drawer.h-screen.relative>div.megamenu__secondary--links.slide-in-from-right","3","No","0.05%"
"div#theme__mjbale-navigation-footer-injected>footer>div.footer-layout-links-only>div.footer-links.lg\:max-w-\[800px\]>div.footer-links-list.lg\:max-w-\[194px\]>div.collapsible.collapsible--desktop-disabled>div.collapsible__content>nav>ul>li.b3.font-normal>a (2)","3","Yes","0.05%"
"div#site-promo-bar>div.promobar-items-container.overflow-hidden.h-\[40px\]>div.promo-container.flex.place-items-center.justify-center>div.b3.promo-content>a>div>p","3","No","0.05%"
"div#theme__multicolumn-injected>div.multicolumn>div.grid.grid-cols-4.false.w-full.lg\:h-\[0px\]>div.box-border.overflow-hidden>div.custom-class.aspect-square>div.tileitem.color-default.px-\[0px\].lg\:px-\[0px\].pt-\[0px\]>div.tile__container>div.tile__info.flex.w-full.z-\[5\].block-title>p.flex.justify-center.lg\:justify-center.b3__regular (2)","3","Yes","0.05%"
"div#theme__mjbale-search-header-results-injected>div.header-search-results.h-full.bg-\[\#F5F5F5\]>div.lg\:px-4.lg\:max-w-\[1472px\].w-full.flex.flex-col>div.flex.flex-col.lg\:flex-row.flex-auto.justify-center>div.w-full.lg\:w-3\/4.flex.flex-col.overflow-hidden>div.grid.grid-cols-1.lg\:grid-cols-3.gap-x-2.lg\:gap-x-5>div.blog-article-tile.flex.flex-col.text-\[\#54565A\].pb-2>div.flex.flex-col.justify-between.grow>div.flex.justify-between.items-center>a.underline","3","No","0.05%"
"div#theme__ecommerce-minicart-injected>div.minicart-wrapper.drawer.relative.pointer-events-auto>div.minicart.w-full.md\:max-w-\[450px\]>div.flex-none>div.title-row.px-\[24px\].py-\[13px\]>div.flex.gap-\[24px\]>a.antialiased.\[\&\>svg\]\:h-\[28px\]>svg","3","No","0.05%"
"div#theme__banner-injected>div.banner.lg\:h-full.lg\:h-screen.h-\[800px\].w-full>div.banner-carousel.w-full.h-full.flickity-enabled.is-draggable>div.flickity-viewport>div.flickity-slider>div.is-selected>div.banner_overlay.text-center.pt-\[0px\].lg\:pt-\[0px\].pb-\[0px\]>div.banner_overlay_content.w-\[311px\].lg\:w-\[844px\].gap-y-\[24px\].color-scheme-7eb96862-5925-405b-9fcc-e63ba5d69205>div.banner_overlay_cta>a>button.btn-outline.button.button-link","3","No","0.05%"
"#mobile-nav","3","No","0.05%"
"div#theme__multicolumn-injected>div.multicolumn","3","Yes","0.05%"
"div#theme__navigation-megamenu-injected>div>nav.megamenu-nav.container>div.relative>div.megamenu-nav-area>div.megamenu-nav-list>div.megamenu__primary--links","3","No","0.05%"
"div#theme__multicolumn-injected>div.multicolumn>div.false.flex.w-full.lg\:h-\[600px\].flex-wrap>div.box-border.overflow-hidden>div.custom-class.aspect-auto>div.tileitem.color-scheme-38d83da1-5f89-4c2f-ad25-61bacb6eae3c.px-\[0px\].lg\:px-\[0px\].pt-\[0px\]>div.tile__info.flex.absolute.w-full.z-\[5\]>div.flex.justify-center.lg\:justify-center>a.w-full.lg\:w-auto>button.button.btn-outline.button.btn-outline-light.btn-link>i.icon.icon-chevron-right.text-\[undefinedpx\] (2)","3","Yes","0.05%"
"li#\34 8403022348579>div.item-details.flex-auto>div>div.item-options>p.option>span.b3.text-\[\#99A8B2\]","3","No","0.05%"
"div#theme__multicolumn-injected>div.multicolumn>div.grid.grid-cols-3.false.w-full.lg\:h-\[0px\]>div.box-border.overflow-hidden>div.tileitem.color-scheme-38d83da1-5f89-4c2f-ad25-61bacb6eae3c.px-\[12px\].lg\:px-\[12px\].pt-\[12px\]>div.image-container.overflow-hidden.content-over-media.relative>img.object-cover.h-full.w-full (1)","3","Yes","0.05%"
"div#theme__navigation-header-injected>div.header-container>div.w-full.flex.items-center.relative.lg\:py-\[16px\]>div.flex.items-center.space-x-\[24px\].justify-end.header-toolbar>div.flex.items-center.px-\[24px\].space-x-\[24px\].justify-end>div>div.account-icon.antialiased.\[\&\>svg\]\:h-\[28px\]","3","Yes","0.05%"
"div#theme__multicolumn-injected>div.multicolumn>div.false.flex.w-full.lg\:h-\[600px\].flex-wrap>div.box-border.overflow-hidden>div.custom-class.aspect-auto>div.tileitem.color-scheme-38d83da1-5f89-4c2f-ad25-61bacb6eae3c.px-\[0px\].lg\:px-\[0px\].pt-\[0px\]>div.tile__info.flex.absolute.w-full.z-\[5\]>div.flex.justify-center.lg\:justify-center>a.w-full.lg\:w-auto>button.button.btn-outline.button.btn-outline-light.btn-link>i.icon.icon-chevron-right.text-\[undefinedpx\]","3","Yes","0.05%"
"div#theme__multicolumn-injected>div.multicolumn>div.grid.grid-cols-2.false.w-full.lg\:h-\[0px\]>div.box-border.overflow-hidden>div.custom-class.aspect-square>div.tileitem.color-default.px-\[0px\].lg\:px-\[0px\].pt-\[0px\]>div.image-container.overflow-hidden.false.relative>img.object-cover.h-full.w-full (3)","3","No","0.05%"
"div#theme__navigation-megamenu-injected>div>nav.megamenu-nav.container>div.relative>div.megamenu-nav-area>div.menu__featured--blocks>div.gap-\[20px\].grid.grid-cols-4>div>div.megamenu__cta-container.relative.h-full>a.megamenu__cta-item>div.w-full.h-full>img.w-full.h-full.object-cover (1)","3","No","0.05%"
"div#theme__mjbale-navigation-footer-injected>footer>div.footer-layout-links-only>div.footer-links.lg\:max-w-\[800px\]>div.footer-links-list.lg\:max-w-\[194px\]>div.collapsible.collapsible--desktop-disabled>div.collapsible__content>nav>ul","2","Yes","0.03%"
"div#theme__multicolumn-injected>div.multicolumn>div.false.flex.w-full.lg\:h-\[600px\].flex-wrap>div.box-border.overflow-hidden>div.custom-class.aspect-auto>div.tileitem.color-scheme-38d83da1-5f89-4c2f-ad25-61bacb6eae3c.px-\[0px\].lg\:px-\[0px\].pt-\[0px\]>div.tile__info.flex.absolute.w-full.z-\[5\]>div.flex.justify-center.lg\:justify-center>a.w-full.lg\:w-auto>button.button.btn-outline.button.btn-outline-light.btn-link>font (1)","2","No","0.03%"
"div#theme__navigation-header-injected>div.header-container>div.w-full.flex.items-center.relative.lg\:py-\[16px\]>div.flex.relative.justify-center.flex-grow-0.basis-1\/3","2","Yes","0.03%"
"div#theme__multicolumn-injected>div.multicolumn (3)","2","Yes","0.03%"
"div#theme__navigation-megamenu-injected>div>nav.megamenu-nav.container>div.relative>div.megamenu-nav-area>div.menu__featured--blocks>div.gap-\[20px\].grid.grid-cols-4>div>div.megamenu__cta-container.relative.h-full>a.megamenu__cta-item>div.absolute.bottom-0.left-0.p-4.text-white>div.h4.mb-5","2","No","0.03%"
"div#theme__navigation-megamenu-injected>div>nav.megamenu-nav.container>div.relative>div.megamenu-nav-area>div.megamenu-nav-list>div.megamenu__primary--links>div.megamenu__link-container>a>span.b2 (7)","2","No","0.03%"
"section#shopify-section-template--23722258333987__section_text_TE4hN8>div>div.section-text-template--23722258333987__section_text_TE4hN8.flex.color-default.text-center.lg\:text-center","2","Yes","0.03%"
"div#theme__navigation-megamenu-injected>div>nav.megamenu-nav>div.relative>div.megamenu-nav-area>div.megamenu-nav-list.flex-col.mobile-menu-drawer.h-screen.relative>div.megamenu__secondary--links.slide-in-from-right>div.megamenu__link-container>a>span.b2 (3)","2","No","0.03%"
"div#theme__multicolumn-injected>div.multicolumn>div.grid.grid-cols-2.false.w-full.lg\:h-\[0px\]>div.box-border.overflow-hidden>div.custom-class.aspect-square>div.tileitem.color-default.px-\[0px\].lg\:px-\[0px\].pt-\[0px\]>div.image-container.overflow-hidden.false.relative>img.object-cover.h-full.w-full","2","No","0.03%"
"div#theme__banner-injected>div.banner.lg\:h-\[1000px\].h-\[600px\].w-full>div.banner-carousel.w-full.h-full>div>div.banner-image.false.w-screen.h-screen","2","Yes","0.03%"
"svg#Layer_2>path.cls-1 (3)","2","No","0.03%"
"div#theme__navigation-megamenu-injected>div>nav.megamenu-nav.container>div.relative>div.megamenu-nav-area>div.megamenu-nav-list>div.megamenu__secondary--links>div.megamenu__link-container>a>span.b2>font>font (5)","2","No","0.03%"
"div#theme__navigation-megamenu-injected>div>nav.megamenu-nav.container>div.relative>div.megamenu-nav-area>div.megamenu-nav-list>div.megamenu__primary--links>div.megamenu__link-container>a (3)","2","No","0.03%"
"div#theme__multicolumn-injected>div.multicolumn>div.false.flex.w-full.lg\:h-\[600px\].flex-wrap>div.box-border.overflow-hidden>div.custom-class.aspect-auto>div.tileitem.color-scheme-38d83da1-5f89-4c2f-ad25-61bacb6eae3c.px-\[0px\].lg\:px-\[0px\].pt-\[0px\]>div.image-container.overflow-hidden.content-over-media.relative>img.object-cover.h-full.w-full","2","Yes","0.03%"
"div#theme__multicolumn-injected>div.multicolumn>div.false.flex.w-full.lg\:h-\[350px\].flex-wrap>div.box-border.overflow-hidden>div.custom-class.aspect-auto>div.tileitem.color-scheme-38d83da1-5f89-4c2f-ad25-61bacb6eae3c.px-\[0px\].lg\:px-\[0px\].pt-\[0px\]>div.tile__info.flex.absolute.w-full.z-\[5\]>div.flex.justify-center.lg\:justify-center>a.w-full.lg\:w-auto>button.button.btn-outline.button.btn-outline-light.btn-link (1)","2","No","0.03%"
"div#_hj_hm-retaker>div.css-uqd6hj>button.css-ydnihz","2","No","0.03%"
"div#theme__navigation-megamenu-injected>div>nav.megamenu-nav.container>div.relative>div.megamenu-nav-area>div.megamenu-nav-list>div.megamenu__secondary--links>div.megamenu__link-container>a (1)","2","No","0.03%"
"div#theme__navigation-megamenu-injected>div>nav.megamenu-nav.container>div.relative>div.megamenu-nav-area>div.megamenu-nav-list>div.megamenu__secondary--links>div.megamenu__link-container>a (4)","2","No","0.03%"
"div#theme__navigation-header-injected>div.header-container>div.w-full.flex.items-center.relative.lg\:py-\[16px\]>div.hidden.lg\:block.flex-grow.lg\:basis-1\/3>div.header-links>div.block>ul.header-menu.inline-flex","2","Yes","0.03%"
"div#theme__multicolumn-injected>div.multicolumn>div.grid.grid-cols-4.false.w-full.lg\:h-\[0px\]>div.box-border.overflow-hidden (5)","2","Yes","0.03%"
"div#theme__navigation-megamenu-injected>div>nav.megamenu-nav>div.relative>div.megamenu-nav-area>div.megamenu-nav-list.flex-col.mobile-menu-drawer.h-screen.relative>div.megamenu__primary--links.slide-in-from-right>div.megamenu__link-container>a>span.b2 (6)","2","No","0.03%"
"div#theme__banner-injected>div.banner.lg\:h-full.lg\:h-screen.h-\[800px\].w-full>div.banner-carousel.w-full.h-full>div>div.banner_overlay.text-center.pt-\[0px\].lg\:pt-\[0px\].pb-\[0px\]","2","No","0.03%"
"div#theme__multicolumn-injected>div.multicolumn>div.false.flex.w-full.lg\:h-\[350px\].flex-wrap>div.box-border.overflow-hidden>div.custom-class.aspect-auto>div.tileitem.color-scheme-38d83da1-5f89-4c2f-ad25-61bacb6eae3c.px-\[0px\].lg\:px-\[0px\].pt-\[0px\]>div.tile__info.flex.absolute.w-full.z-\[5\]>div.flex.justify-center.lg\:justify-center>a.w-full.lg\:w-auto>button.button.btn-outline.button.btn-outline-light.btn-link","2","No","0.03%"
"div#theme__multicolumn-injected>div.multicolumn>div.false.flex.w-full.lg\:h-\[600px\].flex-wrap>div.box-border.overflow-hidden>div.custom-class.aspect-auto>div.tileitem.color-scheme-38d83da1-5f89-4c2f-ad25-61bacb6eae3c.px-\[0px\].lg\:px-\[0px\].pt-\[0px\]>div.tile__info.flex.absolute.w-full.z-\[5\]>div.flex.justify-center.lg\:justify-center>a.w-full.lg\:w-auto>button.button.btn-outline.button.btn-outline-light.btn-link>i.icon.icon-chevron-right.text-\[undefinedpx\] (1)","2","Yes","0.03%"
"div#theme__multicolumn-injected>div.multicolumn>div.grid.grid-cols-3.false.w-full.lg\:h-\[0px\]>div.box-border.overflow-hidden>div.tileitem.color-scheme-38d83da1-5f89-4c2f-ad25-61bacb6eae3c.px-\[12px\].lg\:px-\[12px\].pt-\[12px\]>div.image-container.overflow-hidden.content-over-media.relative>img.object-cover.h-full.w-full","2","Yes","0.03%"
"div#theme__navigation-megamenu-injected>div>nav.megamenu-nav.container>div.relative>div.megamenu-nav-area>div.megamenu-nav-list>div.megamenu__primary--links>div.megamenu__link-container>a>span.b2>font>font (2)","2","No","0.03%"
"div#theme__banner-injected>div.banner.lg\:h-full.lg\:h-screen.h-\[800px\].w-full>div.banner-carousel.w-full.h-full.flickity-enabled.is-draggable>div.flickity-viewport>div.flickity-slider>div.is-selected>div.banner_overlay.text-center.pt-\[0px\].lg\:pt-\[0px\].pb-\[8px\]","2","No","0.03%"
"div#theme__multicolumn-injected>div.multicolumn>div.grid.grid-cols-3.false.w-full.lg\:h-\[0px\]>div.box-border.overflow-hidden>div.tileitem.color-scheme-38d83da1-5f89-4c2f-ad25-61bacb6eae3c.px-\[12px\].lg\:px-\[12px\].pt-\[12px\]>div.tile__info.flex.absolute.w-full.z-\[5\]>p.flex.justify-center.lg\:justify-center.text-center.lg\:text-center>p (2)","2","Yes","0.03%"
"div#theme__navigation-megamenu-injected>div>nav.megamenu-nav.container>div.relative>div.megamenu-nav-area>div.megamenu-nav-list>div.megamenu__primary--links>div.megamenu__link-container (1)","2","No","0.03%"
"div#theme__navigation-megamenu-injected>div>nav.megamenu-nav>div.relative>div.megamenu-nav-area>div.megamenu-nav-list.flex-col.mobile-menu-drawer.h-screen.relative>div.megamenu__primary--links.slide-in-from-right>div.megamenu__link-container>a>span.b2","2","No","0.03%"
"div#theme__multicolumn-injected>div.multicolumn>div.grid.grid-cols-2.false.w-full.lg\:h-\[0px\]>div.box-border.overflow-hidden>div.custom-class.aspect-square>div.tileitem.color-default.px-\[0px\].lg\:px-\[0px\].pt-\[0px\]>div.image-container.overflow-hidden.false.relative>img.object-cover.h-full.w-full (1)","2","No","0.03%"
"div#theme__multicolumn-injected>div.multicolumn>div.false.flex.w-full.lg\:h-\[600px\].flex-wrap>div.box-border.overflow-hidden>div.custom-class.aspect-auto>div.tileitem.color-scheme-38d83da1-5f89-4c2f-ad25-61bacb6eae3c.px-\[0px\].lg\:px-\[0px\].pt-\[0px\]>div.tile__info.flex.absolute.w-full.z-\[5\]>p.flex.justify-center.lg\:justify-center.text-center.lg\:text-center>p","2","Yes","0.03%"
"div#theme__navigation-megamenu-injected>div>nav.megamenu-nav.container>div.relative>div.megamenu-nav-area>div.megamenu-nav-list>div.megamenu__secondary--links>div.megamenu__link-container (4)","2","No","0.03%"
"div#theme__multicolumn-injected>div.multicolumn>div.false.flex.w-full.lg\:h-\[600px\].flex-wrap>div.box-border.overflow-hidden>div.custom-class.aspect-auto>div.tileitem.color-scheme-38d83da1-5f89-4c2f-ad25-61bacb6eae3c.px-\[0px\].lg\:px-\[0px\].pt-\[0px\]>div.image-container.overflow-hidden.false.relative>img.object-cover.h-full.w-full","2","No","0.03%"
"div#theme__multicolumn-injected>div.multicolumn>div.false.flex.w-full.lg\:h-\[600px\].flex-wrap>div.box-border.overflow-hidden>div.custom-class.aspect-auto>div.tileitem.color-scheme-38d83da1-5f89-4c2f-ad25-61bacb6eae3c.px-\[0px\].lg\:px-\[0px\].pt-\[0px\]>div.tile__info.flex.absolute.w-full.z-\[5\]>div.flex.justify-center.lg\:justify-center>a.w-full.lg\:w-auto>button.button.btn-outline.button.btn-outline-light.btn-link>font>font (3)","2","No","0.03%"
"header#shopify-section-sections--23722251452707__header>div.min-h-\[64px\].lg\:min-h-\[80px\].header.react-node.color-default","2","Yes","0.03%"
"div#theme__mjbale-social-links-injected>div.social-links.mb-\[undefinedpx\].lg\:mb-\[undefinedpx\]>a>img (2)","2","Yes","0.03%"
"div#theme__navigation-megamenu-injected>div>nav.megamenu-nav.container>div.relative>div.megamenu-nav-area>div.megamenu-nav-list>div.megamenu__secondary--links>div.megamenu__link-container>a","2","No","0.03%"
"div#foreground>div>div>div>div>div>div>div (5)","2","No","0.03%"
"div#theme__navigation-megamenu-injected>div>nav.megamenu-nav>div.relative>div.megamenu-nav-area>div.megamenu-nav-list.flex-col.mobile-menu-drawer.h-screen.relative>div.megamenu__secondary--links.slide-in-from-right>div.megamenu__link-container>a>span.b2 (5)","2","No","0.03%"
"div#theme__mjbale-search-header-results-injected>div.header-search-results.h-full.bg-\[\#F5F5F5\]>div.lg\:px-4.lg\:max-w-\[1472px\].w-full.flex.flex-col>div.flex.flex-col.lg\:flex-row.flex-auto.justify-center>div.search-sidebar.flex.flex-col.flex-none.lg\:max-w-\[193px\]>div.b2.pb-4>div.mb-4>ul>li.py-1>a","2","No","0.03%"
"footer#shopify-section-sections--23722251354403__footer>div.footer-terms.color-light.pt-\[24px\].lg\:pt-\[0px\].pb-\[24px\]>div.flex.flex-col.lg\:flex-row.justify-between.min-h-\[40px\]>div.footer-terms__bottom>div.footer-terms__bottom-links>a.hover\:no-underline","2","Yes","0.03%"
"div#theme__multicolumn-injected>div.multicolumn>div.grid.grid-cols-4.false.w-full.lg\:h-\[0px\]>div.box-border.overflow-hidden (6)","2","Yes","0.03%"
"div#theme__navigation-megamenu-injected>div>nav.megamenu-nav.container>div.relative>div.megamenu-nav-area>div.menu__featured--blocks>div.gap-\[20px\].grid.grid-cols-4>div>div.megamenu__cta-container.relative.h-full>a.megamenu__cta-item>div.absolute.bottom-0.left-0.p-4.text-white (3)","1","No","0.02%"
"div#theme__banner-injected>div.banner.lg\:h-full.lg\:h-screen.h-\[800px\].w-full>div.banner-carousel.w-full.h-full.flickity-enabled.is-draggable>div.flickity-viewport>div.flickity-slider>div.is-selected>div.banner_overlay.text-center.pt-\[0px\].lg\:pt-\[0px\].pb-\[0px\]>div.banner_overlay_content.w-\[311px\].lg\:w-\[844px\].gap-y-\[24px\].false>div.banner_overlay_cta>a>button.btn-outline-light.button.button-link","1","No","0.02%"
"footer#shopify-section-sections--23722251354403__footer>div.footer-terms.color-light.pt-\[24px\].lg\:pt-\[0px\].pb-\[24px\]>div.flex.flex-col.lg\:flex-row.justify-between.min-h-\[40px\]>div.footer-terms__bottom>small","1","Yes","0.02%"
"div#theme__navigation-megamenu-injected>div>nav.megamenu-nav.container>div.relative>div.megamenu-nav-area>div.megamenu-nav-list>div.megamenu__secondary--links>div.megamenu__link-container>a (6)","1","No","0.02%"
"div#theme__navigation-header-injected>div.header-container>div.w-full.flex.items-center.relative.lg\:py-\[16px\]>div.hidden.lg\:block.flex-grow.lg\:basis-1\/3>div.header-links>div.block>ul.header-menu.inline-flex>li.b2>a.inactive.hovered.menu-link>font>font","1","No","0.02%"
"div#foreground>div>div>div>div>div>div>div>div>div (4)","1","No","0.02%"
"div#theme__navigation-megamenu-injected>div>nav.megamenu-nav>div.relative>div.megamenu-nav-area>div.megamenu-nav-list.flex-col.mobile-menu-drawer.h-screen.relative>div.megamenu__secondary--links.slide-in-from-right>div.megamenu__link-container>a>span.b2 (15)","1","No","0.02%"
"svg#Layer_2>path.cls-1 (4)","1","No","0.02%"
"div#theme__mjbale-search-header-results-injected>div.header-search-results.h-full.bg-\[\#F5F5F5\]>div.lg\:px-4.lg\:max-w-\[1472px\].w-full.flex.flex-col>div.border-b.border-gray-200.mb-4.lg\:hidden>nav.flex.space-x-4>div.bc.py-\[14px\].px-6.cursor-pointer.text-\[\#99A8B2\]","1","No","0.02%"
"div#theme__navigation-megamenu-injected>div>nav.megamenu-nav>div.relative>div.megamenu-nav-area>div.megamenu-nav-list.flex-col.mobile-menu-drawer.h-screen.relative>div.mobile-menu-item.b2>i.icon-chevron-left","1","No","0.02%"
"div#theme__multicolumn-injected>div.multicolumn>div.false.flex.w-full.lg\:h-\[350px\].flex-wrap>div.box-border.overflow-hidden>div.custom-class.aspect-auto>div.tileitem.color-scheme-38d83da1-5f89-4c2f-ad25-61bacb6eae3c.px-\[0px\].lg\:px-\[0px\].pt-\[0px\]>div.tile__info.flex.absolute.w-full.z-\[5\]>p.flex.justify-center.lg\:justify-center.text-center.lg\:text-center>p (1)","1","No","0.02%"
"nav#mobile-nav>span>span","1","No","0.02%"
"#LU__extension_badge_main","1","No","0.02%"
"div#theme__multicolumn-injected>div.multicolumn>div.grid.grid-cols-4.false.w-full.lg\:h-\[0px\]>div.box-border.overflow-hidden>div.custom-class.false>div.tileitem.color-scheme-7eb96862-5925-405b-9fcc-e63ba5d69205.false>div.tile__container>div.tile__info.flex.w-full.z-\[5\].block-title>p.flex.justify-start.lg\:justify-start.text-start.lg\:text-start>h3 (2)","1","Yes","0.02%"
"div#foreground>div>div>div>div>div>div>div>div>div>a>svg>path","1","No","0.02%"
"div#theme__navigation-megamenu-injected>div>nav.megamenu-nav.container>div.relative>div.megamenu-nav-area>div.megamenu-nav-list>div.megamenu__secondary--links>div.megamenu__link-container (5)","1","No","0.02%"
"div#theme__multicolumn-injected>div.multicolumn>div.grid.grid-cols-4.false.w-full.lg\:h-\[0px\]>div.box-border.overflow-hidden>div.custom-class.false>div.tileitem.color-scheme-7eb96862-5925-405b-9fcc-e63ba5d69205.false>div.tile__container>div.tile__info.flex.w-full.z-\[5\].block-title>p.flex.justify-start.lg\:justify-start.text-start.lg\:text-start>p (1)","1","Yes","0.02%"
"div#theme__mjbale-search-header-results-injected>div.header-search-results.h-full.bg-\[\#F5F5F5\]>div.lg\:px-4.lg\:max-w-\[1472px\].w-full.flex.flex-col>div.flex.flex-col.lg\:flex-row.flex-auto.justify-center>div.w-full.lg\:w-3\/4.flex.flex-col.overflow-hidden>div.grid.grid-cols-1.lg\:grid-cols-3.gap-x-2.lg\:gap-x-5>div.blog-article-tile.flex.flex-col.text-\[\#54565A\].pb-2>div.flex.flex-col.justify-between.grow>div>h4.text__heading.mb-4","1","No","0.02%"
"div#theme__block-title-injected>div.block-title.mt-\[undefinedpx\].lg\:mt-\[undefinedpx\].mb-\[0px\].lg\:mb-\[18px\]>h3.text__heading","1","Yes","0.02%"
"div#theme__header-account-popup-injected>div.account-popup.relative.container>div.account-popup-details.absolute.right-0.w-full.lg\:w-auto>div.flex.flex-col.w-full.lg\:w-\[371px\].h-\[288px\]","1","No","0.02%"
"ul#mobile-menu-list>li.mobile-menu-item.menu-item>a.b3.font-medium (1)","1","No","0.02%"
"div#theme__mjbale-navigation-footer-injected>footer>div.footer-layout-links-only>div.footer-links.lg\:max-w-\[800px\]>div.footer-links-list.lg\:max-w-\[194px\]>div.collapsible.collapsible--desktop-disabled>div.collapsible__content>nav>ul>li.b3.font-normal>a>font>font (3)","1","No","0.02%"
"div#theme__navigation-megamenu-injected>div>nav.megamenu-nav.container>div.relative>div.megamenu-nav-area>div.megamenu-nav-list>div.megamenu__secondary--links>div.megamenu__link-container>a (9)","1","No","0.02%"
"div#theme__navigation-megamenu-injected>div>nav.megamenu-nav.container>div.relative>div.megamenu-nav-area>div.menu__featured--blocks>div.gap-\[20px\].grid.grid-cols-4>div>div.megamenu__cta-container.relative.h-full>a.megamenu__cta-item>div.absolute.bottom-0.left-0.p-4.text-white>div.megamenu__cta-item (1)","1","No","0.02%"
"div#theme__list-products-injected>div.product-list.default-list>div.w-full>div.row-start-1.col-start-1>div.carousel-item-container.w-full>div.carousel.w-full.flickity-enabled.is-draggable>div.flickity-viewport>div.flickity-slider>div.carousel-item>div.theme__product-card>div.productcard__content>a.w-full.relative>img.product-image.absolute.top-0.left-0.opacity-0 (1)","1","Yes","0.02%"
"li#\34 9872263020835>a>img.item__image","1","No","0.02%"
"div#theme__mjbale-search-header-results-injected>div.header-search-results.h-full.bg-\[\#F5F5F5\]>div.lg\:px-4.lg\:max-w-\[1472px\].w-full.flex.flex-col","1","No","0.02%"
"div#theme__banner-injected>div.banner.lg\:h-full.lg\:h-screen.h-\[800px\].w-full>div.banner-carousel.w-full.h-full.flickity-enabled.is-draggable>div.flickity-viewport>div.flickity-slider>div>div.banner_overlay.text-center.pt-\[0px\].lg\:pt-\[0px\].pb-\[0px\]","1","Yes","0.02%"
"div#theme__navigation-megamenu-injected>div>nav.megamenu-nav.container>div.relative>div.megamenu-nav-area>div.megamenu-nav-list>div.megamenu__secondary--links>div.megamenu__link-container (11)","1","No","0.02%"
"div#theme__navigation-megamenu-injected>div>nav.megamenu-nav>div.relative>div.megamenu-nav-area>div.megamenu-nav-list.flex-col.mobile-menu-drawer.h-screen.relative>div.megamenu__secondary--links.slide-in-from-right>div.megamenu__link-container>a (5)","1","No","0.02%"
"div#theme__banner-injected>div.banner.lg\:h-full.lg\:h-screen.h-\[800px\].w-full>div.banner-carousel.w-full.h-full.flickity-enabled.is-draggable>div.flickity-viewport>div.flickity-slider>div.is-selected>a>div.banner_overlay.text-center.pt-\[0px\].lg\:pt-\[0px\].pb-\[20px\]>div.banner_overlay_content.w-\[311px\].lg\:w-\[844px\].gap-y-\[24px\].color-scheme-38d83da1-5f89-4c2f-ad25-61bacb6eae3c>div.banner_overlay_cta>a>button.btn-outline-light.button.button-link","1","Yes","0.02%"
"div#theme__multicolumn-injected>div.multicolumn>div.grid.grid-cols-4.false.w-full.lg\:h-\[0px\]>div.box-border.overflow-hidden>div.custom-class.aspect-square>div.tileitem.color-default.px-\[0px\].lg\:px-\[0px\].pt-\[0px\]>div.tile__container>div.tile__info.flex.w-full.z-\[5\].block-title","1","Yes","0.02%"
"div#theme__navigation-megamenu-injected>div>nav.megamenu-nav.container>div.relative>div.megamenu-nav-area>div.megamenu-nav-list>div.megamenu__secondary--links>div.megamenu__link-container>a>span.b2>font>font (1)","1","No","0.02%"
"div#theme__mjbale-navigation-footer-injected>footer>div.footer-layout-links-only>div.footer-links.lg\:max-w-\[800px\]>div.footer-links-list.lg\:max-w-\[194px\]>div.collapsible.collapsible--desktop-disabled>div.collapsible__content>nav>ul>li.b3.font-normal>a>font>font (6)","1","No","0.02%"
"div#theme__list-products-injected>div.product-list.default-list>div.w-full>div.row-start-1.col-start-1>div.carousel-item-container.w-full>div.carousel.w-full.flickity-enabled.is-draggable","1","Yes","0.02%"
"div#theme__banner-injected>div.banner.lg\:h-full.lg\:h-screen.h-\[800px\].w-full>div.banner-carousel.w-full.h-full.flickity-enabled.is-draggable>div.flickity-viewport>div.flickity-slider>div.is-selected>div.banner_overlay.text-center.pt-\[0px\].lg\:pt-\[0px\].pb-\[20px\]>div.banner_overlay_content.w-\[311px\].lg\:w-\[844px\].gap-y-\[24px\].false>div.banner_overlay_cta>a>button.btn-outline-light.button.button-link","1","No","0.02%"
"div#theme__ecommerce-minicart-injected>div.minicart-wrapper.drawer.relative.pointer-events-auto>div.minicart.w-full.md\:max-w-\[450px\]>div.flex-none>div.title-row.px-\[24px\].py-\[13px\]","1","No","0.02%"
"div#theme__navigation-megamenu-injected>div>nav.megamenu-nav>div.relative>div.megamenu-nav-area>div.megamenu-nav-list.flex-col.mobile-menu-drawer.h-screen.relative>div.megamenu__primary--links.slide-in-from-right>div.megamenu__link-container>a>span.b2 (5)","1","No","0.02%"
"div#theme__multicolumn-injected>div.multicolumn>div.false.flex.w-full.lg\:h-\[600px\].flex-wrap>div.box-border.overflow-hidden>div.custom-class.aspect-auto>div.tileitem.color-scheme-38d83da1-5f89-4c2f-ad25-61bacb6eae3c.px-\[0px\].lg\:px-\[0px\].pt-\[0px\]>div.tile__info.flex.absolute.w-full.z-\[5\]>p.flex.justify-center.lg\:justify-center.text-center.lg\:text-center (2)","1","Yes","0.02%"
"div#theme__mjbale-navigation-footer-injected>footer>div.footer-layout-links-only","1","Yes","0.02%"
"div#theme__multicolumn-injected>div.multicolumn>div.grid.grid-cols-2.false.w-full.lg\:h-\[0px\]>div.box-border.overflow-hidden>div.custom-class.aspect-square>div.tileitem.color-default.px-\[0px\].lg\:px-\[0px\].pt-\[0px\]>div.tile__container>div.tile__info.flex.w-full.z-\[5\].block-title>div.flex.justify-center.lg\:justify-center (1)","1","No","0.02%"
"div#theme__navigation-header-injected>div.header-container>div.w-full.flex.items-center.relative.lg\:py-\[16px\]>div.flex.items-center.space-x-\[24px\].justify-end.header-toolbar>div.flex.items-center.px-\[24px\].space-x-\[24px\].justify-end>div.b2.header-item-count>span","1","No","0.02%"
"nav#mobile-nav>span>span>i.icon-close.text-\[22px\]","1","No","0.02%"
"div#theme__navigation-megamenu-injected>div>nav.megamenu-nav.container>div.relative>div.megamenu-nav-area>div.megamenu-nav-list>div.megamenu__primary--links>div.megamenu__link-container>a (6)","1","No","0.02%"
"li#\34 8403022348579>div.item-details.flex-auto>div>div.discounts_applied>p.b3.text-\[14px\].font-\[400\].text-red-500","1","No","0.02%"
"div#theme__navigation-megamenu-injected>div>nav.megamenu-nav.container>div.relative>div.megamenu-nav-area>div.menu__featured--blocks>div.gap-\[20px\].grid.grid-cols-4>div>div.megamenu__cta-container.relative.h-full>a.megamenu__cta-item>div.w-full.h-full>img.w-full.h-full.object-cover (3)","1","No","0.02%"
"div#theme__navigation-megamenu-injected>div>nav.megamenu-nav>div.relative>div.megamenu-nav-area>div.megamenu-nav-list.flex-col.mobile-menu-drawer.h-screen.relative>div.megamenu__secondary--links.slide-in-from-right>div.megamenu__link-container>a>span.b2 (4)","1","No","0.02%"
"div#theme__list-products-injected>div.product-list.default-list>div.w-full>div.row-start-1.col-start-1>div.carousel-item-container.w-full>div.carousel.w-full.flickity-enabled.is-draggable>div.flickity-viewport>div.flickity-slider>div.carousel-item>div.theme__product-card>div.productcard__content>div.flex.justify-between.mt-\[16px\].flex-col.lg\:flex-row>div>a>p.b2.text-\[\#54565A\] (2)","1","Yes","0.02%"
"div#theme__list-products-injected>div.product-list.default-list>div.section-top>div.section-bar.w-full.flex.flex-row.justify-between","1","Yes","0.02%"
"ul#mobile-menu-list>li.mobile-menu-item.menu-item>span.icon-arrow-right (1)","1","No","0.02%"
"div#papaclicks>a","1","No","0.02%"
"div#theme__navigation-megamenu-injected>div>nav.megamenu-nav>div.relative>div.megamenu-nav-area>div.megamenu-nav-list.flex-col.mobile-menu-drawer.h-screen.relative>div.megamenu__secondary--links.slide-in-from-right>div.megamenu__link-container>a>span.b2","1","No","0.02%"
"div#theme__navigation-megamenu-injected>div>nav.megamenu-nav>div.relative>div.megamenu-nav-area>div.megamenu-nav-list.flex-col.mobile-menu-drawer.h-screen.relative>div.megamenu__primary--links.slide-in-from-right>div.megamenu__link-container>i.icon-arrow-right.lg\:hidden (5)","1","No","0.02%"
"div#foreground>div>div>div>div>div>div>div (6)","1","No","0.02%"
"div#theme__navigation-megamenu-injected>div>nav.megamenu-nav>div.relative>div.megamenu-nav-area>div.megamenu-nav-list.flex-col.mobile-menu-drawer.h-screen.relative>div.megamenu__primary--links.slide-in-from-right>div.megamenu__link-container>i.icon-arrow-right.lg\:hidden (2)","1","No","0.02%"
"div#theme__block-description-injected>div.block-description.mb-\[0px\].lg\:mb-\[18px\].text-center.lg\:text-center>p.b3>p","1","Yes","0.02%"
"div#predictive-search-form-wrapper>form.flex.w-full>div.flex.gap-3.w-full.relative.lg\:rounded","1","No","0.02%"
"li#\34 9856620527907>div.item-details.flex-auto>div>div.flex.items-center.quantity-selector.gap-\[16px\]>ajax-cart-quantity>div.flex.items-center.w-full.max-w-\[108px\].h-\[40px\]>button.px-3.h-auto.w-auto","1","No","0.02%"
"div#theme__multicolumn-injected>div.multicolumn>div.grid.grid-cols-4.false.w-full.lg\:h-\[0px\]>div.box-border.overflow-hidden>div.custom-class.false>div.tileitem.color-scheme-7eb96862-5925-405b-9fcc-e63ba5d69205.false>div.image-container.overflow-hidden.false.relative>img.object-cover.h-full.w-full (1)","1","Yes","0.02%"
"div#foreground>div>div>div>div>div>div>div>div>div>svg>path (1)","1","No","0.02%"
"div#theme__multicolumn-injected>div.multicolumn>div.false.flex.w-full.lg\:h-\[600px\].flex-wrap>div.box-border.overflow-hidden>div.custom-class.aspect-auto>div.tileitem.color-scheme-38d83da1-5f89-4c2f-ad25-61bacb6eae3c.px-\[0px\].lg\:px-\[0px\].pt-\[0px\]>div.tile__info.flex.absolute.w-full.z-\[5\]>p.flex.justify-center.lg\:justify-center.text-center.lg\:text-center>p>font>font","1","No","0.02%"
"div#theme__list-products-injected>div.product-list.default-list>div.w-full>div.row-start-1.col-start-1>div.carousel-item-container.w-full>div.carousel.w-full.flickity-enabled.is-draggable>div.flickity-viewport>div.flickity-slider>div.carousel-item.is-selected>div.theme__product-card>div.productcard__content>div.flex.justify-between.mt-\[16px\].flex-col.lg\:flex-row>div>a>p.b2.text-\[\#54565A\]","1","Yes","0.02%"
"div#theme__mjbale-search-header-results-injected>div.header-search-results.h-full.bg-\[\#F5F5F5\]>div.lg\:px-4.lg\:max-w-\[1472px\].w-full.flex.flex-col>div.flex.flex-col.lg\:flex-row.flex-auto.justify-center>div.w-full.lg\:w-3\/4.flex.flex-col.overflow-hidden>div.grid.grid-cols-1.lg\:grid-cols-3.gap-x-2.lg\:gap-x-5>div.blog-article-tile.flex.flex-col.text-\[\#54565A\].pb-2>div.h-\[311px\].overflow-hidden.mb-\[20px\].relative>img.mb-2.lg\:mb-4.object-cover.w-full.top-0","1","No","0.02%"
"div#theme__multicolumn-injected>div.multicolumn>div.multicolumn-content-top.w-full.lg\:w-\[700px\].my-\[16px\]>p.b2>p","1","Yes","0.02%"
"div#theme__ecommerce-minicart-injected>div.minicart-wrapper.drawer.relative.pointer-events-auto>div.minicart.w-full.md\:max-w-\[450px\]>div.flex-none>div.title-row.px-\[24px\].py-\[13px\]>div.flex.gap-\[24px\]","1","No","0.02%"
"li#\34 8403022348579>div.item-details.flex-auto>div>div.item-options>p.option","1","No","0.02%"
"div#theme__navigation-megamenu-injected>div>nav.megamenu-nav>div.relative>div.megamenu-nav-area>div.megamenu-nav-list.flex-col.mobile-menu-drawer.h-screen.relative>div.megamenu__secondary--links.slide-in-from-right>div.megamenu__link-container>a>span.b2 (7)","1","No","0.02%"
"div#foreground>div>div>div>div>div>div>div>div>div>svg (2)","1","No","0.02%"
"div#theme__multicolumn-injected>div.multicolumn>div.grid.grid-cols-3.false.w-full.lg\:h-\[0px\]>div.box-border.overflow-hidden>div.tileitem.color-scheme-38d83da1-5f89-4c2f-ad25-61bacb6eae3c.px-\[12px\].lg\:px-\[12px\].pt-\[12px\]>div.tile__info.flex.absolute.w-full.z-\[5\]>div.flex.justify-center.lg\:justify-center>a.w-full.lg\:w-auto>button.button.btn-outline.button.btn-outline-light.btn-link>i.icon.icon-chevron-right.text-\[undefinedpx\] (1)","1","Yes","0.02%"
"div#theme__mjbale-search-header-results-injected>div.header-search-results.h-full.bg-\[\#F5F5F5\]>div.lg\:px-4.lg\:max-w-\[1472px\].w-full.flex.flex-col>div.flex.flex-col.lg\:flex-row.flex-auto.justify-center>div.w-full.lg\:w-3\/4.flex.flex-col.overflow-hidden>div.grid.grid-cols-2.lg\:grid-cols-4.gap-x-2.lg\:gap-x-5>div.theme__product-card>div.productcard__content>div.flex.justify-between.mt-\[16px\].flex-col.lg\:flex-row>div>a>p.b2.text-\[\#54565A\]","1","No","0.02%"
"div#theme__mjbale-navigation-footer-injected>footer>div.footer-layout-links-only>div.footer-links.lg\:max-w-\[800px\]>div.footer-links-list.lg\:max-w-\[194px\]>div.collapsible.collapsible--desktop-disabled>div.collapsible__content>nav>ul>li.b3.font-normal (5)","1","Yes","0.02%"
"div#theme__multicolumn-injected>div.multicolumn>div.false.flex.w-full.lg\:h-\[350px\].flex-wrap>div.box-border.overflow-hidden>div.custom-class.aspect-auto>div.tileitem.color-scheme-38d83da1-5f89-4c2f-ad25-61bacb6eae3c.px-\[0px\].lg\:px-\[0px\].pt-\[0px\]>div.image-container.overflow-hidden.content-over-media.relative>img.object-cover.h-full.w-full","1","No","0.02%"
"div#theme__navigation-megamenu-injected>div>nav.megamenu-nav.container>div.relative>div.megamenu-nav-area>div.megamenu-nav-list>div.megamenu__secondary--links>div.megamenu__link-container (8)","1","No","0.02%"
"div#theme__navigation-megamenu-injected>div>nav.megamenu-nav.container>div.relative>div.megamenu-nav-area>div.megamenu-nav-list>div.megamenu__primary--links>div.megamenu__link-container>a (1)","1","No","0.02%"
"div#theme__navigation-megamenu-injected>div>nav.megamenu-nav.container>div.relative>div.megamenu-nav-area>div.megamenu-nav-list>div.megamenu__primary--links>div.megamenu__link-container>a (4)","1","No","0.02%"
"li#\34 8403022348579>div.item-details.flex-auto>div","1","No","0.02%"
"div#theme__navigation-megamenu-injected>div>nav.megamenu-nav.container>div.relative>div.megamenu-nav-area>div.megamenu-nav-list>div.megamenu__secondary--links>div.megamenu__link-container>a>span.b2.megamenu__title (1)","1","No","0.02%"
"div#theme__multicolumn-injected>div.multicolumn>div.grid.grid-cols-3.false.w-full.lg\:h-\[0px\]>div.box-border.overflow-hidden>div.tileitem.color-scheme-38d83da1-5f89-4c2f-ad25-61bacb6eae3c.px-\[12px\].lg\:px-\[12px\].pt-\[12px\]>div.tile__info.flex.absolute.w-full.z-\[5\]>p.flex.justify-center.lg\:justify-center.text-center.lg\:text-center (2)","1","Yes","0.02%"
"li#\34 8402875580707>div.item-details.flex-auto>div>div.flex.items-center.quantity-selector.gap-\[16px\]>a.item__remove.b3>div","1","No","0.02%"
"section#shopify-section-template--23722258333987__main_banner_naYCnm>div.w-full>div.section-banner.flex.flex-col.align-middle.items-center>div.section-banner-template--23722258333987__main_banner_naYCnm.w-full.relative.items-center.overflow-hidden","1","Yes","0.02%"
"li#\34 8402817450275>a>img.item__image","1","No","0.02%"
"div#foreground>div>div>div>div>div>div>div>div>div>svg>path","1","No","0.02%"
"div#theme__mjbale-navigation-footer-injected>footer>div.footer-layout-links-only>div.footer-links.lg\:max-w-\[800px\]>div.footer-links-list.lg\:max-w-\[194px\]>div.collapsible.collapsible--desktop-disabled>div.collapsible__title>span.collapsible__expand-icon.icon-chevron-down","1","No","0.02%"
"div#theme__list-products-injected>div.product-list.default-list>div.w-full>div.row-start-1.col-start-1>div.carousel-item-container.w-full>div.carousel.w-full.flickity-enabled.is-draggable>div.flickity-viewport>div.flickity-slider>div.carousel-item>div.theme__product-card>div.productcard__content>div.flex.justify-between.mt-\[16px\].flex-col.lg\:flex-row>div>a>p.b2.text-\[\#54565A\] (1)","1","Yes","0.02%"
"div#theme__navigation-megamenu-injected>div>nav.megamenu-nav.container>div.relative>div.megamenu-nav-area>div.megamenu-nav-list>div.megamenu__primary--links>div.megamenu__link-container>a>span.b2>font>font","1","No","0.02%"
"div#foreground>div>div>div>div>div>div>div (4)","1","No","0.02%"
"div#theme__banner-injected>div.banner.lg\:h-full.lg\:h-screen.h-\[800px\].w-full>div.banner-carousel.w-full.h-full>div>div.banner_overlay.text-center.pt-\[0px\].lg\:pt-\[0px\].pb-\[20px\]","1","No","0.02%"
"div#theme__multicolumn-injected>div.multicolumn>div.grid.grid-cols-4.false.w-full.lg\:h-\[0px\]>div.box-border.overflow-hidden>div.custom-class.aspect-square>div.tileitem.color-default.px-\[0px\].lg\:px-\[0px\].pt-\[0px\]>div.tile__container>div.tile__info.flex.w-full.z-\[5\].block-title>div.flex.justify-center.lg\:justify-center","1","Yes","0.02%"
"div#theme__navigation-megamenu-injected>div>nav.megamenu-nav.container>div.relative>div.megamenu-nav-area>div.megamenu-nav-list>div.megamenu__secondary--links>div.megamenu__link-container>a>span.b2 (17)","1","No","0.02%"
"div#theme__multicolumn-injected>div.multicolumn>div.false.flex.w-full.lg\:h-\[0px\].flex-wrap>div.box-border.overflow-hidden>div.tileitem.color-scheme-38d83da1-5f89-4c2f-ad25-61bacb6eae3c.px-\[12px\].lg\:px-\[12px\].pt-\[12px\]>div.tile__info.flex.absolute.w-full.z-\[5\]>p.flex.justify-center.lg\:justify-center.text-center.lg\:text-center>p (1)","1","No","0.02%"
"div#theme__multicolumn-injected>div.multicolumn>div.false.flex.w-full.lg\:h-\[600px\].flex-wrap (1)","1","Yes","0.02%"
"div#theme__navigation-megamenu-injected>div>nav.megamenu-nav.container>div.relative>div.megamenu-nav-area>div.menu__featured--blocks>div.gap-\[20px\].grid.grid-cols-2>div>div.megamenu__cta-container.relative.h-full>a.megamenu__cta-item>div.absolute.bottom-0.left-0.p-4.text-white","1","No","0.02%"
"div#theme__multicolumn-injected>div.multicolumn>div.false.flex.w-full.lg\:h-\[600px\].flex-wrap>div.box-border.overflow-hidden>div.custom-class.aspect-auto>div.tileitem.color-scheme-38d83da1-5f89-4c2f-ad25-61bacb6eae3c.px-\[0px\].lg\:px-\[0px\].pt-\[0px\]>div.tile__info.flex.absolute.w-full.z-\[5\]>div.flex.justify-center.lg\:justify-center>a.w-full.lg\:w-auto>button.button.btn-outline.button.btn-outline-light.btn-link>font>font (1)","1","No","0.02%"
"div#theme__navigation-megamenu-injected>div>nav.megamenu-nav>div.relative>div.megamenu-nav-area>div.megamenu-nav-list.flex-col.mobile-menu-drawer.h-screen.relative>div.megamenu__secondary--links.slide-in-from-right>div.megamenu__link-container>a (13)","1","No","0.02%"
"div#theme__mjbale-navigation-footer-injected>footer>div.footer-layout-links-only>div.footer-links.lg\:max-w-\[800px\]","1","Yes","0.02%"
"div#theme__mjbale-search-header-results-injected>div.header-search-results.h-full.bg-\[\#F5F5F5\]>div.lg\:px-4.lg\:max-w-\[1472px\].w-full.flex.flex-col>div.border-b.border-gray-200.mb-4.lg\:hidden>nav.flex.space-x-4>div.bc.py-\[14px\].px-6.cursor-pointer.text-black","1","No","0.02%"
"div#foreground>div>div>div>div>div>div>div>div>div>div>span (1)","1","No","0.02%"
"li#\34 9861543985443>a>img.item__image","1","No","0.02%"
"div#theme__navigation-megamenu-injected>div>nav.megamenu-nav>div.relative>div.megamenu-nav-area>div.megamenu-nav-list.flex-col.mobile-menu-drawer.h-screen.relative>div.megamenu__primary--links.slide-in-from-right>div.megamenu__link-container>i.icon-arrow-right.lg\:hidden (6)","1","No","0.02%"
"div#foreground>div>div>div>div>div>div>div>div>div (7)","1","No","0.02%"
"div#theme__navigation-megamenu-injected>div>nav.megamenu-nav>div.relative>div.megamenu-nav-area>div.megamenu-nav-list.flex-col.mobile-menu-drawer.h-screen.relative>div.megamenu__secondary--links.slide-in-from-right>div.megamenu__link-container","1","No","0.02%"
"div#theme__multicolumn-injected>div.multicolumn>div.false.flex.w-full.lg\:h-\[600px\].flex-wrap>div.box-border.overflow-hidden>div.custom-class.aspect-auto>div.tileitem.color-scheme-38d83da1-5f89-4c2f-ad25-61bacb6eae3c.px-\[0px\].lg\:px-\[0px\].pt-\[0px\]>div.tile__info.flex.absolute.w-full.z-\[5\]>div.flex.justify-center.lg\:justify-center>a.w-full.lg\:w-auto>button.button.btn-outline.button.btn-outline-light.btn-link>font>font","1","No","0.02%"
"div#theme__navigation-megamenu-injected>div>nav.megamenu-nav.container>div.relative>div.megamenu-nav-area>div.megamenu-nav-list>div.megamenu__primary--links>div.megamenu__link-container>a (2)","1","No","0.02%"
"div#theme__banner-injected>div.banner.lg\:h-full.lg\:h-screen.h-\[800px\].w-full>div.banner-carousel.w-full.h-full.flickity-enabled.is-draggable>button.flickity-button.flickity-prev-next-button.previous","1","Yes","0.02%"
"div#foreground>div>div>div>div>div>div>div>div>div>img (1)","1","No","0.02%"
"div#theme__navigation-megamenu-injected>div>nav.megamenu-nav.container>div.relative>div.megamenu-nav-area>div.megamenu-nav-list>div.megamenu__secondary--links>div.megamenu__link-container>a>span.b2>font>font (2)","1","No","0.02%"
"div#theme__navigation-header-injected>div.header-container>div.w-full.flex.items-center.relative.lg\:py-\[16px\]>div.flex.items-center.space-x-\[24px\].justify-end.header-toolbar>div.flex.items-center.px-\[24px\].space-x-\[24px\].justify-end>div.b2.header-item-count","1","No","0.02%"
"div#theme__mjbale-navigation-footer-injected>footer>div.footer-layout-links-only>div.footer-links.lg\:max-w-\[800px\]>div.footer-links-list.lg\:max-w-\[194px\]>div.collapsible.collapsible--active.collapsible--desktop-disabled>div.collapsible__content>nav>ul>li.b3.font-normal>a (3)","1","No","0.02%"
"html>body>div (9)","1","No","0.02%"
"div#theme__multicolumn-injected>div.multicolumn>div.grid.grid-cols-4.false.w-full.lg\:h-\[0px\]>div.box-border.overflow-hidden>div.custom-class.false>div.tileitem.color-scheme-7eb96862-5925-405b-9fcc-e63ba5d69205.false>div.tile__container>div.tile__info.flex.w-full.z-\[5\].block-title>p.flex.justify-start.lg\:justify-start.text-start.lg\:text-start>h3 (1)","1","Yes","0.02%"
"div#theme__multicolumn-injected>div.multicolumn>div.grid.grid-cols-4.false.w-full.lg\:h-\[0px\]>div.box-border.overflow-hidden>div.custom-class.aspect-square>div.tileitem.color-default.px-\[0px\].lg\:px-\[0px\].pt-\[0px\]>div.tile__container>div.tile__info.flex.w-full.z-\[5\].block-title>div.flex.justify-center.lg\:justify-center>a.w-full.lg\:w-auto (1)","1","Yes","0.02%"
"div#theme__navigation-megamenu-injected>div>nav.megamenu-nav.container>div.relative>div.megamenu-nav-area>div.megamenu-nav-list>div.megamenu__secondary--links>div.megamenu__link-container>a>span.b2>font>font (4)","1","No","0.02%"
"div#theme__list-products-injected>div.product-list.default-list>div.w-full>div.row-start-1.col-start-1>div.carousel-item-container.w-full>div.carousel.w-full.flickity-enabled.is-draggable>div.flickity-viewport>div.flickity-slider>div.carousel-item>div.theme__product-card>div.productcard__content>a.w-full.relative>img.product-image.absolute.top-0.left-0.opacity-100 (1)","1","No","0.02%"
"div#theme__navigation-header-injected>div.header-container>div.w-full.flex.items-center.relative.lg\:py-\[16px\]>div.flex.relative.justify-center.flex-grow-0.basis-1\/3>div.header-logo-container>a.header-logo-image.pb-\[6px\].w-\[106px\].lg\:pb-0","1","Yes","0.02%"
"div#theme__mjbale-search-header-results-injected>div.header-search-results.h-full.bg-\[\#F5F5F5\]>div.lg\:px-4.lg\:max-w-\[1472px\].w-full.flex.flex-col>div.flex.flex-col.lg\:flex-row.flex-auto.justify-center>div.search-sidebar.flex.flex-col.flex-none.lg\:max-w-\[193px\]","1","No","0.02%"
"div#theme__banner-injected>div.banner.lg\:h-full.lg\:h-screen.h-\[800px\].w-full>div.banner-carousel.w-full.h-full.flickity-enabled.is-draggable>div.flickity-viewport>div.flickity-slider>div.is-selected>div.banner_overlay.text-center.pt-\[0px\].lg\:pt-\[0px\].pb-\[20px\]>div.banner_overlay_content.w-\[311px\].lg\:w-\[844px\].gap-y-\[24px\].color-scheme-38d83da1-5f89-4c2f-ad25-61bacb6eae3c>div.banner_overlay_cta>a>button.btn-outline-light.button.button-link","1","No","0.02%"
"div#theme__navigation-megamenu-injected>div>nav.megamenu-nav.container>div.relative>div.megamenu-nav-area>div.megamenu-nav-list>div.megamenu__secondary--links>div.megamenu__link-container>a (2)","1","No","0.02%"
"div#predictive-search-form-wrapper>form.flex.w-full>div.flex.gap-3.w-full.relative.lg\:rounded>div.hidden.lg\:flex.gap-2.items-center.cursor-pointer","1","No","0.02%"
"div#theme__navigation-megamenu-injected>div>nav.megamenu-nav.container>div.relative>div.megamenu-nav-area>div.megamenu-nav-list>div.megamenu__secondary--links>div.megamenu__link-container>a (7)","1","No","0.02%"
"div#theme__banner-injected>div.banner.lg\:h-full.lg\:h-screen.h-\[800px\].w-full>div.banner-carousel.w-full.h-full.flickity-enabled.is-draggable>div.flickity-viewport>div.flickity-slider>div.is-selected>div.banner_overlay.text-center.pt-\[0px\].lg\:pt-\[0px\].pb-\[8px\]>div.banner_overlay_content.w-\[311px\].lg\:w-\[844px\].gap-y-\[24px\].color-scheme-7eb96862-5925-405b-9fcc-e63ba5d69205>div.banner_overlay_cta>a>button.btn-outline.button.button-link","1","No","0.02%"
"div#theme__navigation-megamenu-injected>div>nav.megamenu-nav.container>div.relative>div.megamenu-nav-area>div.megamenu-nav-list>div.megamenu__primary--links>div.megamenu__link-container>a","1","No","0.02%"
"div#theme__multicolumn-injected>div.multicolumn>div.grid.grid-cols-4.false.w-full.lg\:h-\[0px\]>div.box-border.overflow-hidden>div.custom-class.false>div.tileitem.color-scheme-7eb96862-5925-405b-9fcc-e63ba5d69205.false>div.tile__container>div.tile__info.flex.w-full.z-\[5\].block-title>p.flex.justify-start.lg\:justify-start.text-start.lg\:text-start>h3","1","Yes","0.02%"
"div#theme__navigation-megamenu-injected>div>nav.megamenu-nav.container>div.relative>div.megamenu-nav-area>div.menu__featured--blocks>div.gap-\[20px\].grid.grid-cols-4>div>div.megamenu__cta-container.relative.h-full>a.megamenu__cta-item>div.absolute.bottom-0.left-0.p-4.text-white (1)","1","No","0.02%"
"div#theme__multicolumn-injected>div.multicolumn>div.grid.grid-cols-4.false.w-full.lg\:h-\[0px\]>div.box-border.overflow-hidden>div.custom-class.aspect-square>div.tileitem.color-default.px-\[0px\].lg\:px-\[0px\].pt-\[0px\]>div.tile__container>div.tile__info.flex.w-full.z-\[5\].block-title>p.flex.justify-center.lg\:justify-center.b3__regular","1","Yes","0.02%"
"div#foreground>div>div>div>div>div>div>div>div>div>a>svg (1)","1","No","0.02%"
"li#\35 0242064711971>a>img.item__image","1","No","0.02%"
"div#theme__navigation-megamenu-injected>div>nav.megamenu-nav>div.relative>div.megamenu-nav-area>div.megamenu-nav-list.flex-col.mobile-menu-drawer.h-screen.relative>div.megamenu__secondary--links.slide-in-from-right>div.megamenu__link-container>a (1)","1","No","0.02%"
"div#theme__multicolumn-injected>div.multicolumn>div.false.flex.w-full.lg\:h-\[600px\].flex-wrap>div.box-border.overflow-hidden>div.custom-class.aspect-auto>div.tileitem.color-scheme-38d83da1-5f89-4c2f-ad25-61bacb6eae3c.px-\[0px\].lg\:px-\[0px\].pt-\[0px\]>div.image-container.overflow-hidden.content-over-media.relative>img.object-cover.h-full.w-full (3)","1","Yes","0.02%"
"div#theme__banner-injected>div.banner.lg\:h-full.lg\:h-screen.h-\[800px\].w-full>div.banner-carousel.w-full.h-full.flickity-enabled.is-draggable>div.flickity-viewport>div.flickity-slider>div.is-selected>div.banner_overlay.text-center.pt-\[0px\].lg\:pt-\[0px\].pb-\[8px\]>div.banner_overlay_content.w-\[311px\].lg\:w-\[844px\].gap-y-\[24px\].color-scheme-38d83da1-5f89-4c2f-ad25-61bacb6eae3c>h2.text__heading","1","No","0.02%"
"div#theme__navigation-megamenu-injected>div>nav.megamenu-nav.container>div.relative>div.megamenu-nav-area>div.megamenu-nav-list>div.megamenu__secondary--links>div.megamenu__link-container>a (10)","1","No","0.02%"
"div#theme__mjbale-navigation-footer-injected>footer>div.footer-layout-links-only>div.footer-links.lg\:max-w-\[800px\]>div.footer-links-list.lg\:max-w-\[194px\]>div.collapsible.collapsible--desktop-disabled>div.collapsible__content>nav>ul>li.b3.font-normal>a>font>font (7)","1","No","0.02%"
"div#theme__navigation-megamenu-injected>div>nav.megamenu-nav.container>div.relative>div.megamenu-nav-area>div.megamenu-nav-list>div.megamenu__primary--links>div.megamenu__link-container (3)","1","No","0.02%"
"div#theme__navigation-megamenu-injected>div>nav.megamenu-nav.container>div.relative>div.megamenu-nav-area>div.megamenu-nav-list>div.megamenu__secondary--links>div.megamenu__link-container>a (5)","1","No","0.02%"
"section#shopify-section-template--23722258333987__section_multicolumn_M9qKCK>div.color-scheme-38d83da1-5f89-4c2f-ad25-61bacb6eae3c>div.section-multicolumn.section-multicolumn-template--23722258333987__section_multicolumn_M9qKCK.relative.flex.lg\:justify-start","1","Yes","0.02%"
"div#theme__navigation-megamenu-injected>div>nav.megamenu-nav.container>div.relative>div.megamenu-nav-area>div.menu__featured--blocks>div.gap-\[20px\].grid.grid-cols-2>div>div.megamenu__cta-container.relative.h-full>a.megamenu__cta-item>div.absolute.bottom-0.left-0.p-4.text-white (1)","1","No","0.02%"
"div#theme__navigation-megamenu-injected>div>nav.megamenu-nav>div.relative>div.megamenu-nav-area>div.megamenu-nav-list.flex-col.mobile-menu-drawer.h-screen.relative>div.megamenu__primary--links.slide-in-from-right>div.megamenu__link-container (7)","1","No","0.02%"
"div#theme__multicolumn-injected>div.multicolumn>div.grid.grid-cols-2.false.w-full.lg\:h-\[0px\]>div.box-border.overflow-hidden>div.custom-class.false>div.tileitem.color-scheme-7eb96862-5925-405b-9fcc-e63ba5d69205.false>div.tile__container>div.tile__info.flex.w-full.z-\[5\].block-title","1","No","0.02%"
"div#theme__mjbale-search-header-results-injected>div.header-search-results.h-full.bg-\[\#F5F5F5\]>div.lg\:px-4.lg\:max-w-\[1472px\].w-full.flex.flex-col>div.flex.flex-col.lg\:flex-row.flex-auto.justify-center>div.search-sidebar.flex.flex-col.flex-none.lg\:max-w-\[193px\]>div.b2.pb-4>div>ul>li.py-1>a","1","No","0.02%"
"div#theme__navigation-megamenu-injected>div>nav.megamenu-nav>div.relative>div.megamenu-nav-area>div.megamenu-nav-list.flex-col.mobile-menu-drawer.h-screen.relative>div.megamenu__secondary--links.slide-in-from-right>div.mobile-menu__featured--blocks","1","No","0.02%"
"li#\34 8402206032163>a>img.item__image","1","No","0.02%"
"div#theme__navigation-megamenu-injected>div>nav.megamenu-nav.container>div.relative>div.megamenu-nav-area>div.megamenu-nav-list>div.megamenu__secondary--links>div.megamenu__link-container>a (12)","1","No","0.02%"
"li#\34 8401447747875>div.item-details.flex-auto>div>div.item-options>p.option","1","No","0.02%"
"div#theme__mjbale-search-header-results-injected>div.header-search-results.h-full.bg-\[\#F5F5F5\]>div.lg\:px-4.lg\:max-w-\[1472px\].w-full.flex.flex-col>div.flex.flex-col.lg\:flex-row.flex-auto.justify-center>div.search-sidebar.flex.flex-col.flex-none.lg\:max-w-\[193px\]>div.b2.pb-4>div>ul>li.py-1>a (1)","1","No","0.02%"
"div#theme__multicolumn-injected>div.multicolumn>div.false.flex.w-full.lg\:h-\[350px\].flex-wrap>div.box-border.overflow-hidden>div.custom-class.aspect-auto>div.tileitem.color-scheme-38d83da1-5f89-4c2f-ad25-61bacb6eae3c.px-\[0px\].lg\:px-\[0px\].pt-\[0px\]>div.image-container.overflow-hidden.content-over-media.relative>img.object-cover.h-full.w-full (1)","1","No","0.02%"
